CODE_OUVR;DATE_MESURE;CODE_PARAM;CONCENTRATION;RENDEMENT;CONFORM;FLUX_ENTREE;FLUX_SORTIE;DEBIT_ENTREE;DEBIT_SORTIE
25515801974;07/02/17;75;3;90.42341825;105;22.649;2.169;781;723
25515801974;07/02/17;74;15;84.90647442;105;71.852;10.845;781;723
25515801974;07/02/17;79;1;92.2207039;107;9.2939;0.723;781;723
25515801974;07/02/17;77;0.5;0;106;0;0.3615;781;723
25515801974;07/02/17;76;4.72;0;107;0;3.41256;781;723
25515801974;07/02/17;78;1.4;7.42637644;107;1.0934;1.0122;781;723
25515801974;07/02/17;80;5.74;55.3468404;107;9.2939;4.15002;781;723
35513201000;10/02/16;71;4;87.31860437;105;41.415;5.252;1255;1313
25501302497;09/11/15;71;26;94.69387755;105;22.54;1.196;46;46
25501302497;09/11/15;75;23;93.03030303;105;15.18;1.058;46;46
25501302497;09/11/15;74;137;78.14992026;105;28.842;6.302;46;46
25501302497;09/11/15;79;26;75;107;4.784;1.196;46;46
25501302497;09/11/15;78;8.4;17.64705882;107;0.4692;0.3864;46;46
25501302497;09/11/15;80;26;75;107;4.784;1.196;46;46
25504602267;11/07/13;71;140;0;107;0.406;0.406;2.9;2.9
25504602267;11/07/13;75;97;51.5;107;0.58;0.2813;2.9;2.9
25504602267;11/07/13;74;445;35.03649635;107;1.9865;1.2905;2.9;2.9
25504602267;11/07/13;79;77;-14.92537313;107;0.1943;0.2233;2.9;2.9
25504602267;11/07/13;76;0.25;0;107;0;0.000725;2.9;2.9
25504602267;11/07/13;78;4.8;33.33333333;107;0.02088;0.01392;2.9;2.9
25504602267;11/07/13;80;77.255;-15.30597015;107;0.1943;0.2240395;2.9;2.9
25504602267;18/11/15;71;30;96.77419355;105;12.183;0.393;13.1;13.1
25504602267;18/11/15;75;14;98.15789474;105;9.956;0.1834;13.1;13.1
25504602267;18/11/15;74;65;96.36871508;105;23.449;0.8515;13.1;13.1
25504602267;18/11/15;79;7.6;91.47982063;107;1.16852;0.09956;13.1;13.1
25504602267;18/11/15;77;4.2;92.94117647;107;0.77945;0.05502;13.1;13.1
25504602267;18/11/15;76;10.9;0;107;0;0.14279;13.1;13.1
25504602267;18/11/15;78;7.8;47.65100671;107;0.19519;0.10218;13.1;13.1
25504602267;18/11/15;80;20.78;76.70403587;107;1.16852;0.272218;13.1;13.1
25505302537;19/10/15;71;3;87.4549115;105;2.3842;0.2991;91.7;99.7
25505302537;19/10/15;75;1.5;95.46982915;105;3.3012;0.14955;91.7;99.7
25505302537;19/10/15;74;7.5;92.78379865;105;10.3621;0.74775;91.7;99.7
25505302537;19/10/15;79;0.5;97.16864322;107;1.76064;0.04985;91.7;99.7
25505302537;19/10/15;76;13.5;0;107;0;1.34595;91.7;99.7
25505302537;19/10/15;78;0.7;57.71840543;107;0.16506;0.06979;91.7;99.7
25505302537;19/10/15;80;14.08;20.26899309;107;1.76064;1.403776;91.7;99.7
25506202274;29/09/14;71;64;50.76923077;107;1.157;0.5696;8.9;8.9
25506202274;29/09/14;75;62;79.33333333;107;2.67;0.5518;8.9;8.9
25506202274;29/09/14;74;241;66.75862069;107;6.4525;2.1449;8.9;8.9
25506202274;29/09/14;79;46.4;58.9380531;107;1.0057;0.41296;8.9;8.9
25506202274;29/09/14;76;14.2;0;107;0;0.12638;8.9;8.9
25506202274;29/09/14;78;6.1;38.38383838;107;0.08811;0.05429;8.9;8.9
25506202274;29/09/14;80;69.96;38.08849558;107;1.0057;0.622644;8.9;8.9
25506301978;12/04/12;71;4.6;94.24088748;105;10.096;0.58144;126.2;126.4
25506301978;12/04/12;75;4;92.97133483;105;7.1934;0.5056;126.2;126.4
25506301978;12/04/12;74;19;86.87578556;105;18.299;2.4016;126.2;126.4
25506301978;12/04/12;79;2;92.58085344;107;3.4074;0.2528;126.2;126.4
25506301978;12/04/12;76;26;0;107;0;3.2864;126.2;126.4
25506301978;12/04/12;78;2.5;-257.7088522;107;0.08834;0.316;126.2;126.4
25506301978;12/04/12;80;28.19;-4.572870811;107;3.4074;3.563216;126.2;126.4
25506301978;12/12/13;71;82;14.85307018;106;9.12;7.7654;91.2;94.7
25506301978;12/12/13;75;1.5;92.58302005;105;1.9152;0.14205;91.2;94.7
25506301978;12/12/13;74;54;69.52588673;106;16.7808;5.1138;91.2;94.7
25506301978;12/12/13;79;4.8;84.89633174;107;3.0096;0.45456;91.2;94.7
25506301978;12/12/13;76;20.2;0;107;0;1.91294;91.2;94.7
25506301978;12/12/13;78;2.1;37.69736842;107;0.3192;0.19887;91.2;94.7
25506301978;12/12/13;80;25.18;20.76867358;107;3.0096;2.384546;91.2;94.7
25506301978;16/04/14;71;6;97.05506391;105;12.204;0.3594;67.8;59.9
25506301978;16/04/14;75;1.5;99.11651917;105;10.17;0.08985;67.8;59.9
25506301978;16/04/14;74;22;95.77465692;105;31.188;1.3178;67.8;59.9
25506301978;16/04/14;79;5.9;91.57910037;107;4.19682;0.35341;67.8;59.9
25506301978;16/04/14;76;0.11;0;107;0;0.006589;67.8;59.9
25506301978;16/04/14;78;1.8;73.04634768;107;0.40002;0.10782;67.8;59.9
25506301978;16/04/14;80;6.02;91.40782783;107;4.19682;0.360598;67.8;59.9
25506301978;06/07/15;71;3;98.33333333;105;7.794;0.1299;43.3;43.3
25506301978;06/07/15;75;3;98.23529412;105;7.361;0.1299;43.3;43.3
25506301978;06/07/15;74;24;94.36619718;105;18.4458;1.0392;43.3;43.3
25506301978;06/07/15;79;1.7;97.51824818;107;2.96605;0.07361;43.3;43.3
25506301978;06/07/15;76;51.5;0;107;0;2.22995;43.3;43.3
25506301978;06/07/15;78;3;59.45945946;107;0.32042;0.1299;43.3;43.3
25506301978;06/07/15;80;53.29;22.20437956;107;2.96605;2.307457;43.3;43.3
25509402264;21/10/15;71;2;99.86666667;105;41.1;0.0548;27.4;27.4
25509402264;21/10/15;75;4;99.63636364;105;30.14;0.1096;27.4;27.4
25509402264;21/10/15;74;30;98.62385321;105;59.732;0.822;27.4;27.4
25509402264;21/10/15;79;13.2;88.52173913;107;3.151;0.36168;27.4;27.4
25509402264;21/10/15;76;37.3;0;107;0;1.02202;27.4;27.4
25509402264;21/10/15;78;4.9;71.67630058;107;0.47402;0.13426;27.4;27.4
25509402264;21/10/15;80;51.15;55.52173913;107;3.151;1.40151;27.4;27.4
25514502199;25/11/13;71;19;95.55277176;105;44.304;1.9703;113.6;103.7
25514502199;25/11/13;75;8;95.43573944;105;18.176;0.8296;113.6;103.7
25514502199;25/11/13;74;88;84.40175031;105;58.504;9.1256;113.6;103.7
25514502199;25/11/13;79;29.6;59.96974439;107;7.668;3.06952;113.6;103.7
25514502199;25/11/13;76;0.25;0;107;0;0.025925;113.6;103.7
25514502199;25/11/13;78;5.9;35.11051247;107;0.94288;0.61183;113.6;103.7
25514502199;25/11/13;80;30.23;59.11774909;107;7.668;3.134851;113.6;103.7
25514502199;14/04/14;71;51;90.19230769;105;34.944;3.4272;67.2;67.2
25514502199;14/04/14;75;37;88.06451613;105;20.832;2.4864;67.2;67.2
25514502199;14/04/14;74;141;83.09352518;105;56.0448;9.4752;67.2;67.2
25514502199;14/04/14;79;25.5;70.62211982;107;5.83296;1.7136;67.2;67.2
25514502199;14/04/14;76;46.2;0;107;0;3.10464;67.2;67.2
25514502199;14/04/14;78;1.7;88.02816901;107;0.95424;0.11424;67.2;67.2
25514502199;14/04/14;80;72.61;16.34792627;107;5.83296;4.879392;67.2;67.2
25514502199;18/05/15;71;32;91.61864481;105;45.396;3.8048;116.4;118.9
25514502199;18/05/15;75;29;85.18857388;105;23.28;3.4481;116.4;118.9
25514502199;18/05/15;74;129;78.18367242;105;70.3056;15.3381;116.4;118.9
25514502199;18/05/15;79;35.5;50.46112426;107;8.52048;4.22095;116.4;118.9
25514502199;18/05/15;76;7.7;0;107;0;0.91553;116.4;118.9
25514502199;18/05/15;78;7.2;6.903301579;107;0.91956;0.85608;116.4;118.9
25514502199;18/05/15;80;44.87;37.38565198;107;8.52048;5.335043;116.4;118.9
25515801974;07/02/12;71;18;90.46920821;105;61.38;5.85;341;325
25515801974;07/02/12;75;10;94.70511567;105;61.38;3.25;341;325
25515801974;07/02/12;74;44;89.7718332;105;139.81;14.3;341;325
25515801974;08/03/12;71;12;90.46757164;105;79.56;7.584;663;632
25515801974;08/03/12;75;3;93.91547126;105;31.161;1.896;663;632
25515801974;08/03/12;74;31;80.29964806;105;99.45;19.592;663;632
25515801974;26/03/12;71;15;91.05802048;105;43.95;3.93;293;262
25515801974;26/03/12;75;9;95.26601084;105;49.81;2.358;293;262
25515801974;26/03/12;74;72;83.277337;105;112.805;18.864;293;262
25515801974;26/03/12;79;30;45.2531866;107;14.357;7.86;293;262
25515801974;26/03/12;76;0.5;0;107;0;0.131;293;262
25515801974;26/03/12;78;1.9;57.52559727;107;1.172;0.4978;293;262
25515801974;26/03/12;80;30.64;44.08525458;107;14.357;8.02768;293;262
25515801974;12/04/12;71;11;95.39689941;105;85.79;3.949;373;359
25515801974;12/04/12;75;9;94.90458918;105;63.41;3.231;373;359
25515801974;12/04/12;74;73;86.8672797;105;199.555;26.207;373;359
25515801974;31/05/12;71;12;96.09852217;105;91.35;3.564;315;297
25515801974;31/05/12;75;3;98.33613445;105;53.55;0.891;315;297
25515801974;31/05/12;74;52;94.29900332;105;270.9;15.444;315;297
25515801974;16/07/12;71;5.6;88.4798995;106;57.312;6.6024;1194;1179
25515801974;16/07/12;75;3;91.53625269;105;41.79;3.537;1194;1179
25515801974;16/07/12;74;22;83.28952455;105;155.22;25.938;1194;1179
25515801974;16/07/12;79;2;85.89375449;107;16.716;2.358;1194;1179
25515801974;16/07/12;76;0.015;0;107;0;0.017685;1194;1179
25515801974;16/07/12;78;1.1;32.11369347;107;1.9104;1.2969;1194;1179
25515801974;16/07/12;80;4.22;70.23582197;107;16.716;4.97538;1194;1179
25515801974;30/07/12;71;4.2;97.04864865;105;61.05;1.8018;407;429
25515801974;30/07/12;75;3;95.54625048;105;28.897;1.287;407;429
25515801974;30/07/12;74;32;90.88385683;105;150.59;13.728;407;429
25515801974;06/08/12;71;4;98.21565408;105;109.62;1.956;522;489
25515801974;06/08/12;75;3;95.31609195;105;31.32;1.467;522;489
25515801974;06/08/12;74;28;91.10851354;105;153.99;13.692;522;489
25515801974;02/10/12;71;8.4;0.684931507;106;2.4528;2.436;292;290
25515801974;02/10/12;75;3;98.01369863;105;43.8;0.87;292;290
25515801974;02/10/12;74;22;95.49498658;105;141.62;6.38;292;290
25515801974;08/10/12;71;7.8;96.08368201;105;90.82;3.5568;478;456
25515801974;08/10/12;75;3;97.61506276;105;57.36;1.368;478;456
25515801974;08/10/12;74;21;94.27615063;105;167.3;9.576;478;456
25515801974;05/11/12;71;5.2;93.21230795;105;48.034;3.2604;658;627
25515801974;05/11/12;75;3;94.98480243;105;37.506;1.881;658;627
25515801974;05/11/12;74;18;90.19887104;105;115.15;11.286;658;627
25515801974;19/11/12;71;8.2;95.07831893;105;72.192;3.55306;451.2;433.3
25515801974;19/11/12;75;4;95.77877796;105;41.0592;1.7332;451.2;433.3
25515801974;19/11/12;74;36;88.28074288;105;133.104;15.5988;451.2;433.3
25515801974;19/11/12;79;2;95.19835993;107;18.048;0.8666;451.2;433.3
25515801974;19/11/12;76;0.69;0;107;0;0.298977;451.2;433.3
25515801974;19/11/12;78;1.8;56.78523936;107;1.8048;0.77994;451.2;433.3
25515801974;19/11/12;80;2.93;92.9655973;107;18.048;1.269569;451.2;433.3
25515801974;25/04/13;71;5.4;95.83333333;105;48.6;2.025;405;375
25515801974;25/04/13;75;3;98.01587302;105;56.7;1.125;405;375
25515801974;25/04/13;74;42;90.6291834;105;168.075;15.75;405;375
25515801974;06/05/13;71;9.4;94.50528402;105;121.12;6.6552;757;708
25515801974;06/05/13;75;3;94.38837517;105;37.85;2.124;757;708
25515801974;06/05/13;74;21;93.66429454;105;234.67;14.868;757;708
25515801974;21/05/13;71;4;96.05691057;105;118.08;4.656;1230;1164
25515801974;21/05/13;75;3;84.22764228;106;22.14;3.492;1230;1164
25515801974;21/05/13;74;15;90.84185681;105;190.65;17.46;1230;1164
25515801974;11/06/13;71;3.4;98.31897927;105;106.59;1.7918;561;527
25515801974;11/06/13;75;3;96.13947696;105;40.953;1.581;561;527
25515801974;11/06/13;74;24;92.84271284;105;176.715;12.648;561;527
25515801974;05/07/13;71;5.8;90.55786788;105;29.792;2.813;532;485
25515801974;05/07/13;75;1.5;92.80273051;105;10.108;0.7275;532;485
25515801974;05/07/13;74;21;88.03453947;105;85.12;10.185;532;485
25515801974;24/07/13;71;6;96.38974359;105;58.5;2.112;390;352
25515801974;24/07/13;75;3;98.19487179;105;58.5;1.056;390;352
25515801974;24/07/13;74;30;92.68191268;105;144.3;10.56;390;352
25515801974;21/08/13;71;7;96.9581749;105;55.23;1.68;263;240
25515801974;21/08/13;75;1.5;98.94706054;105;34.19;0.36;263;240
25515801974;21/08/13;74;31;94.25020866;105;129.396;7.44;263;240
25515801974;21/08/13;79;1.7;97.56080063;107;16.7268;0.408;263;240
25515801974;21/08/13;76;2.72;0;107;0;0.6528;263;240
25515801974;21/08/13;78;1.4;85.64531978;107;2.3407;0.336;263;240
25515801974;21/08/13;80;4.67;93.29937585;107;16.7268;1.1208;263;240
25515801974;29/08/13;71;5;97.59642789;105;52.63;1.265;277;253
25515801974;29/08/13;75;1.5;98.94612608;105;36.01;0.3795;277;253
25515801974;29/08/13;74;31;93.6515517;105;123.542;7.843;277;253
25515801974;15/10/13;71;4;92.72875817;105;63.648;4.628;1248;1157
25515801974;15/10/13;75;1.5;95.65429688;105;39.936;1.7355;1248;1157
25515801974;15/10/13;74;18;85.10044643;105;139.776;20.826;1248;1157
25515801974;15/10/13;79;2.6;79.57274011;107;14.7264;3.0082;1248;1157
25515801974;15/10/13;76;0.57;0;107;0;0.65949;1248;1157
25515801974;15/10/13;78;1.4;38.19444444;107;2.6208;1.6198;1248;1157
25515801974;15/10/13;80;5.51;56.70992232;107;14.7264;6.37507;1248;1157
25515801974;12/11/13;71;5;87.82978438;106;29.868;3.635;786;727
25515801974;12/11/13;75;1.5;95.37531807;105;23.58;1.0905;786;727
25515801974;12/11/13;74;7.5;91.1063809;105;61.308;5.4525;786;727
25515801974;02/12/13;71;11;88.5911841;106;48.594;5.544;534;504
25515801974;02/12/13;75;6;93.84465071;105;49.128;3.024;534;504
25515801974;02/12/13;74;32;86.86858818;105;122.82;16.128;534;504
25515801974;02/12/13;79;14.4;57.92256583;107;17.2482;7.2576;534;504
25515801974;02/12/13;76;0.25;0;107;0;0.126;534;504
25515801974;02/12/13;78;0.8;76.40449438;107;1.7088;0.4032;534;504
25515801974;02/12/13;80;15.05;56.02323721;107;17.2482;7.5852;534;504
25515801974;19/12/13;71;8;92.00739675;105;116.808;9.336;1256;1167
25515801974;19/12/13;75;4;75.22292994;106;18.84;4.668;1256;1167
25515801974;19/12/13;74;16;83.29635726;105;111.784;18.672;1256;1167
25515801974;10/01/14;71;8;92.00739675;105;116.808;9.336;1256;1167
25515801974;04/03/14;71;5;97.86767486;105;132.25;2.82;575;564
25515801974;04/03/14;75;5;95.09565217;105;57.5;2.82;575;564
25515801974;04/03/14;74;19;95.54150198;105;240.35;10.716;575;564
25515801974;12/03/14;71;8;93.80726698;105;75.96;4.704;633;588
25515801974;12/03/14;75;5;95.35545024;105;63.3;2.94;633;588
25515801974;12/03/14;74;34;89.77898434;105;195.597;19.992;633;588
25515801974;12/03/14;79;19.6;40.30611452;107;19.3065;11.5248;633;588
25515801974;12/03/14;76;0.22;0;107;0;0.12936;633;588
25515801974;12/03/14;78;0.3;93.20309791;107;2.5953;0.1764;633;588
25515801974;12/03/14;80;19.84;39.57516898;107;19.3065;11.66592;633;588
25515801974;27/03/14;71;8;94.28571429;105;63.14;3.608;451;451
25515801974;27/03/14;75;6;94;105;45.1;2.706;451;451
25515801974;27/03/14;74;44;87.91208791;105;164.164;19.844;451;451
25515801974;16/04/14;71;7;97.5;105;126.28;3.157;451;451
25515801974;16/04/14;75;1.5;99.11764706;105;76.67;0.6765;451;451
25515801974;16/04/14;74;39;91.07551487;105;197.087;17.589;451;451
25515801974;22/05/14;71;8;97.55129959;105;233.92;5.728;731;716
25515801974;22/05/14;75;1.5;98.46956224;105;70.176;1.074;731;716
25515801974;22/05/14;74;37;88.11778162;105;222.955;26.492;731;716
25515801974;22/05/14;79;3.1;89.94573341;107;22.0762;2.2196;731;716
25515801974;22/05/14;76;1.07;0;107;0;0.76612;731;716
25515801974;22/05/14;78;2.2;41.76063889;107;2.7047;1.5752;731;716
25515801974;22/05/14;80;3.31;89.26463794;107;22.0762;2.36996;731;716
25515801974;26/06/14;71;6;96.57166924;105;71.23;2.442;419;407
25515801974;26/06/14;75;1.5;98.95925673;105;58.66;0.6105;419;407
25515801974;26/06/14;74;27;92.61218864;105;148.745;10.989;419;407
25515801974;23/07/14;71;4;98.49906191;105;53.3;0.8;205;200
25515801974;23/07/14;75;3;98.82926829;105;51.25;0.6;205;200
25515801974;23/07/14;74;34;94.88105992;105;132.84;6.8;205;200
25515801974;13/08/14;71;5;87.45860636;106;28.386;3.56;747;712
25515801974;13/08/14;75;1.5;95.23427041;105;22.41;1.068;747;712
25515801974;13/08/14;74;32;82.26705271;105;128.484;22.784;747;712
25515801974;13/08/14;79;0.5;96.54657276;107;10.3086;0.356;747;712
25515801974;13/08/14;76;1.31;0;107;0;0.93272;747;712
25515801974;13/08/14;78;1.5;4.6854083;107;1.1205;1.068;747;712
25515801974;13/08/14;80;1.83;87.36045632;107;10.3086;1.30296;747;712
25515801974;08/09/14;71;4;98.10181818;105;55;1.044;275;261
25515801974;08/09/14;75;1.5;99.2507177;105;52.25;0.3915;275;261
25515801974;08/09/14;74;36;94.05786561;105;158.125;9.396;275;261
25515801974;02/10/14;71;6;97.10791367;105;55.6;1.608;278;268
25515801974;02/10/14;75;1.5;99.19664269;105;50.04;0.402;278;268
25515801974;02/10/14;74;30;93.96224148;105;133.162;8.04;278;268
25515801974;19/11/14;71;3;92.98353404;105;24.414;1.713;626;571
25515801974;19/11/14;75;1.5;97.79320829;105;38.812;0.8565;626;571
25515801974;19/11/14;74;26;85.88353872;105;105.168;14.846;626;571
25515801974;19/11/14;79;1.2;95.32235603;107;14.6484;0.6852;626;571
25515801974;19/11/14;76;4.97;0;107;0;2.83787;626;571
25515801974;19/11/14;78;1.3;54.39297125;107;1.6276;0.7423;626;571
25515801974;19/11/14;80;6.18;75.91013353;107;14.6484;3.52878;626;571
25515801974;04/12/14;71;5;96.98741007;105;44.48;1.34;278;268
25515801974;04/12/14;75;1.5;98.8876591;105;36.14;0.402;278;268
25515801974;04/12/14;74;35;91.94725365;105;116.482;9.38;278;268
25515801974;04/02/15;71;5;91.47152965;105;47.488;4.05;896;810
25515801974;04/02/15;75;1.5;97.44145889;105;47.488;1.215;896;810
25515801974;04/02/15;74;22;83.9609735;105;111.104;17.82;896;810
25515801974;17/02/15;71;4;96.93931398;105;90.96;2.784;758;696
25515801974;17/02/15;75;1.5;97.58366893;105;43.206;1.044;758;696
25515801974;17/02/15;74;27;90.39086949;105;195.564;18.792;758;696
25515801974;17/02/15;79;1.1;94.92449053;107;15.0842;0.7656;758;696
25515801974;17/02/15;76;1.06;0;107;0;0.73776;758;696
25515801974;17/02/15;78;0.9;60.64832265;107;1.5918;0.6264;758;696
25515801974;17/02/15;80;2.31;89.34143011;107;15.0842;1.60776;758;696
25515801974;19/03/15;71;8;96.16034906;105;110.01;4.224;579;528
25515801974;19/03/15;75;4;96.96027634;105;69.48;2.112;579;528
25515801974;19/03/15;74;26;93.88921532;105;224.652;13.728;579;528
25515801974;29/04/15;71;4;95.78320724;105;64.504;2.72;733;680
25515801974;29/04/15;75;3;93.81537062;105;32.985;2.04;733;680
25515801974;29/04/15;74;15;90.72305593;105;109.95;10.2;733;680
25515801974;29/04/15;79;1.2;95.0958886;107;16.6391;0.816;733;680
25515801974;29/04/15;76;2.36;0;107;0;1.6048;733;680
25515801974;29/04/15;78;1.9;11.86903138;107;1.466;1.292;733;680
25515801974;29/04/15;80;3.58;85.36940099;107;16.6391;2.4344;733;680
25515801974;19/05/15;71;4;99;105;127.2;1.272;318;318
25515801974;19/05/15;75;1.5;99.28571429;105;66.78;0.477;318;318
25515801974;19/05/15;74;18;96.83098592;105;180.624;5.724;318;318
25515801974;04/06/15;71;4;98.90536278;105;126.8;1.388;317;347
25515801974;04/06/15;75;1.5;99.21811627;105;66.57;0.5205;317;347
25515801974;04/06/15;74;21;95.67092623;105;168.327;7.287;317;347
25515801974;22/07/15;71;4;97.80649228;105;31.73;0.696;167;174
25515801974;22/07/15;75;3;98.16132441;105;28.39;0.522;167;174
25515801974;22/07/15;74;25;94.3496954;105;76.987;4.35;167;174
25515801974;22/07/15;79;1;98.37960161;107;10.7381;0.174;167;174
25515801974;22/07/15;76;0.7;0;107;0;0.1218;167;174
25515801974;22/07/15;78;3;47.02121181;107;0.9853;0.522;167;174
25515801974;22/07/15;80;1.72;97.21291476;107;10.7381;0.29928;167;174
25515801974;21/08/15;71;3;98.95768025;105;38.28;0.399;132;133
25515801974;21/08/15;75;3;98.56060606;105;27.72;0.399;132;133
25515801974;21/08/15;74;23;96.12470862;105;78.936;3.059;132;133
25515801974;01/09/15;71;3;94.51260531;105;31.217;1.713;589;571
25515801974;01/09/15;75;1.5;95.72306002;105;20.026;0.8565;589;571
25515801974;01/09/15;74;7.5;93.99107606;105;71.269;4.2825;589;571
25515801974;16/10/15;71;3;98.31202046;105;46.92;0.792;276;264
25515801974;16/10/15;75;1.5;99.04347826;105;41.4;0.396;276;264
25515801974;16/10/15;74;7.5;97.97347089;105;97.704;1.98;276;264
25515801974;16/10/15;79;1.1;97.53589248;107;11.7852;0.2904;276;264
25515801974;16/10/15;76;1.63;0;107;0;0.43032;276;264
25515801974;16/10/15;78;2.1;60.61381074;107;1.4076;0.5544;276;264
25515801974;16/10/15;80;2.74;93.86213217;107;11.7852;0.72336;276;264
25515801974;05/11/15;71;2;99.32626093;105;53.73;0.362;199;181
25515801974;05/11/15;75;1.5;99.37985381;105;43.78;0.2715;199;181
25515801974;05/11/15;74;23;96.46030491;105;117.609;4.163;199;181
25515801974;03/12/15;71;3;98.33333333;105;84.6;1.41;470;470
25515801974;03/12/15;75;1.5;98.4375;105;45.12;0.705;470;470
25515801974;03/12/15;74;7.5;97.29241877;105;130.19;3.525;470;470
35513201000;13/02/17;71;4;98.19675191;105;107.14;1.932;487;483
35513201000;13/02/17;75;4;97.16632444;105;68.18;1.932;487;483
35513201000;13/02/17;74;39;90.58888772;105;200.157;18.837;487;483
35513201000;13/02/17;79;13.9;69.89993096;107;22.3046;6.7137;487;483
35513201000;13/02/17;77;13.3;0;107;0;6.4239;487;483
25518402081;09/10/13;71;27;85;105;15.588;2.3382;86.6;86.6
25518402081;09/10/13;75;7;92.13483146;105;7.7074;0.6062;86.6;86.6
25518402081;09/10/13;74;42;84.89208633;105;24.0748;3.6372;86.6;86.6
25518402081;09/10/13;79;7.3;77.81155015;107;2.84914;0.63218;86.6;86.6
25518402081;09/10/13;76;0.25;0;107;0;0.02165;86.6;86.6
35513201000;13/02/17;76;0.55;0;107;0;0.26565;487;483
35513201000;13/02/17;78;3.1;37.25432678;107;2.3863;1.4973;487;483
35513201000;13/02/17;80;14.6;68.38410014;107;22.3046;7.0518;487;483
25518402081;09/10/13;78;2.7;22.85714286;107;0.3031;0.23382;86.6;86.6
25518402081;27/04/15;71;65;14.47368421;106;22.04;18.85;290;290
25518402081;27/04/15;75;48;12.72727273;106;15.95;13.92;290;290
25518402081;27/04/15;74;169;11.05263158;106;55.1;49.01;290;290
25518402081;27/04/15;79;19.9;-19.16167665;107;4.843;5.771;290;290
25518402081;27/04/15;76;0.58;0;107;0;0.1682;290;290
25518402081;27/04/15;78;2.5;-19.04761905;107;0.609;0.725;290;290
25518402496;28/03/12;71;7.2;94.85714286;105;33.306;1.71288;237.9;237.9
25518402496;28/03/12;75;3;97.69230769;105;30.927;0.7137;237.9;237.9
25518402496;28/03/12;74;37;89.72222222;105;85.644;8.8023;237.9;237.9
25518402496;28/03/12;79;10;93.75;107;38.064;2.379;237.9;237.9
25518402496;28/03/12;76;4.8;0;107;0;1.14192;237.9;237.9
25518402496;28/03/12;78;2.8;37.77777778;107;1.07055;0.66612;237.9;237.9
25518402496;28/03/12;80;15.01;90.61875;107;38.064;3.570879;237.9;237.9
25518402496;19/09/12;71;7.4;96.7826087;105;38.663;1.24394;168.1;168.1
25518402496;19/09/12;75;3;98;105;25.215;0.5043;168.1;168.1
25518402496;19/09/12;74;18;96.47058824;105;85.731;3.0258;168.1;168.1
25518402496;19/09/12;79;3.5;95.20547945;107;12.2713;0.58835;168.1;168.1
25518402496;19/09/12;76;5.9;0;107;0;0.99179;168.1;168.1
25518402496;19/09/12;78;3.4;54.66666667;107;1.26075;0.57154;168.1;168.1
25518402496;19/09/12;80;9.52;86.95890411;107;12.2713;1.600312;168.1;168.1
25518402496;02/04/13;71;24;65.2173913;105;21.8799;7.6104;317.1;317.1
25518402496;02/04/13;75;6;91.42857143;105;22.197;1.9026;317.1;317.1
25518402496;02/04/13;74;32;84.3902439;105;65.0055;10.1472;317.1;317.1
25518402496;02/04/13;76;1.9;0;107;0;0.60249;317.1;317.1
25518402496;02/04/13;78;0.4;89.47368421;107;1.20498;0.12684;317.1;317.1
25518402496;02/04/13;80;8.73;70.9;107;9.513;2.768283;317.1;317.1
25518402496;09/09/13;71;12;92;105;71.145;5.6916;474.3;474.3
25518402496;09/09/13;75;3;96.66666667;105;42.687;1.4229;474.3;474.3
25518402496;09/09/13;74;35;86.38132296;105;121.8951;16.6005;474.3;474.3
25518402496;09/09/13;79;2.3;87.36263736;107;8.63226;1.09089;474.3;474.3
25518402496;09/09/13;76;3.02;0;107;0;1.432386;474.3;474.3
25518402496;09/09/13;78;1.4;68.88888889;107;2.13435;0.66402;474.3;474.3
25518402496;09/09/13;80;5.57;69.3956044;107;8.63226;2.641851;474.3;474.3
25518402496;22/07/14;71;52;69.35115207;105;21.7;6.6508;155;127.9
25518402496;22/07/14;75;11;94.95734767;105;27.9;1.4069;155;127.9
25518402496;22/07/14;74;89;83.53377694;105;69.13;11.3831;155;127.9
25518402496;22/07/14;79;23.2;65.81474654;107;8.68;2.96728;155;127.9
25518402496;22/07/14;76;18.8;0;107;0;2.40452;155;127.9
25518402496;22/07/14;78;4.8;38.11290323;107;0.992;0.61392;155;127.9
25518402496;22/07/14;80;43.17;36.38890553;107;8.68;5.521443;155;127.9
25518402496;27/10/14;71;38;74.81916553;105;41.032;10.3322;178.4;271.9
25518402496;27/10/14;75;16;87.80717489;105;35.68;4.3504;178.4;271.9
25518402496;27/10/14;74;91;74.26838856;105;96.1576;24.7429;178.4;271.9
25518402496;27/10/14;79;33.3;23.79484305;107;11.88144;9.05427;178.4;271.9
25518402496;27/10/14;76;3.07;0;107;0;0.834733;178.4;271.9
25518402496;27/10/14;78;4.2;3.011618426;107;1.17744;1.14198;178.4;271.9
25518402496;27/10/14;80;36.58;16.28874951;107;11.88144;9.946102;178.4;271.9
25518402496;27/04/15;71;7;93.69363636;105;22;1.3874;200;198.2
25518402496;27/04/15;75;9;86.6880597;105;13.4;1.7838;200;198.2
25518402496;27/04/15;74;50;73.36021505;105;37.2;9.91;200;198.2
25518402496;27/04/15;79;12.5;47.73206751;107;4.74;2.4775;200;198.2
25518402496;27/04/15;76;2.39;0;107;0;0.473698;200;198.2
25518402496;27/04/15;78;3.3;-9.01;107;0.6;0.65406;200;198.2
25518402496;27/04/15;80;15.52;35.10413502;107;4.74;3.076064;200;198.2
25518402496;31/08/15;71;24;94.41623564;105;101.308;5.6568;235.6;235.7
25518402496;31/08/15;75;25;89.578912;105;56.544;5.8925;235.6;235.7
25518402496;31/08/15;74;103;85.30046816;105;165.1556;24.2771;235.6;235.7
25518402496;31/08/15;79;24.8;61.47433802;107;15.17264;5.84536;235.6;235.7
25518402496;31/08/15;76;19.5;0;107;0;4.59615;235.6;235.7
25518402496;31/08/15;78;6.1;27.35012936;107;1.97904;1.43777;235.6;235.7
25518402496;31/08/15;80;45.03;30.04796133;107;15.17264;10.613571;235.6;235.7
25518402496;05/04/16;71;6;93.72955012;105;27.5674;1.7286;281.3;288.1
25519800101;24/07/13;71;4.8;99.7;107;70.4;0.2112;44;44
25519800101;24/07/13;75;4;99.51807229;107;36.52;0.176;44;44
25518402496;05/04/16;75;7;89.7582652;105;19.691;2.0167;281.3;288.1
25518402496;05/04/16;74;42;81.45892837;105;65.2616;12.1002;281.3;288.1
25518402496;05/04/16;79;8.1;74.3163926;107;9.08599;2.33361;281.3;288.1
25518402496;05/04/16;76;17.5;0;107;0;5.04175;281.3;288.1
25518402496;05/04/16;78;2.9;9.996875976;107;0.92829;0.83549;281.3;288.1
25518402496;05/04/16;80;26.07;17.33683396;107;9.08599;7.510767;281.3;288.1
25519800101;24/07/13;74;53;97.5462963;105;95.04;2.332;44;44
25519800101;24/07/13;79;3.8;96.85950413;107;5.324;0.1672;44;44
25519800101;24/07/13;76;0.75;0;107;0;0.033;44;44
25519800101;24/07/13;78;1.1;94.93087558;107;0.9548;0.0484;44;44
25519800101;24/07/13;80;4.563;96.22892562;107;5.324;0.200772;44;44
25519800101;21/08/15;71;12;92;105;3.6;0.288;24;24
25519800101;21/08/15;75;10;96.77419355;105;7.44;0.24;24;24
25519800101;21/08/15;74;113;82.5617284;105;15.552;2.712;24;24
25519800101;21/08/15;79;15.6;84.4;107;2.4;0.3744;24;24
25519800101;21/08/15;76;0.22;0;107;0;0.00528;24;24
25519800101;21/08/15;78;4.1;57.73195876;107;0.2328;0.0984;24;24
25519800101;21/08/15;80;15.89;84.11;107;2.4;0.38136;24;24
25519802174;26/12/13;71;3;80;107;3.9645;0.7929;264.3;264.3
25519802174;26/12/13;75;1.5;81.25;107;2.1144;0.39645;264.3;264.3
25519802174;26/12/13;74;7.5;77.94117647;107;8.9862;1.98225;264.3;264.3
25519802174;26/12/13;79;1.6;76.11940299;107;1.77081;0.42288;264.3;264.3
25519802174;26/12/13;76;7.12;0;107;0;1.881816;264.3;264.3
25519802174;26/12/13;78;0.4;33.33333333;107;0.15858;0.10572;264.3;264.3
25519802174;26/12/13;80;8.83;-31.79104478;107;1.77081;2.333769;264.3;264.3
25519802174;25/06/14;71;10;96.69509595;105;12.194;0.403;46.9;40.3
25519802174;25/06/14;75;7;97.9258878;105;13.601;0.2821;46.9;40.3
25519802174;25/06/14;74;63;91.83494293;105;31.0947;2.5389;46.9;40.3
25519802174;25/06/14;79;6.5;94.15153105;107;4.47895;0.26195;46.9;40.3
25519802174;25/06/14;76;51.2;0;107;0;2.06336;46.9;40.3
25519802174;25/06/14;78;3.4;69.88108061;107;0.45493;0.13702;46.9;40.3
25519802174;25/06/14;80;59.1;46.82392079;107;4.47895;2.38173;46.9;40.3
25519802174;16/10/14;71;5;93.17061548;105;25.6026;1.7485;360.6;349.7
25519802174;16/10/14;75;1.5;92.72670549;105;7.212;0.52455;360.6;349.7
25519802174;16/10/14;74;7.5;93.32725274;105;39.3054;2.62275;360.6;349.7
25519802174;16/10/14;79;1;94.89593368;107;6.8514;0.3497;360.6;349.7
25519802174;16/10/14;76;0.11;0;107;0;0.038467;360.6;349.7
25519802174;16/10/14;78;1.8;35.34849325;107;0.97362;0.62946;360.6;349.7
25519802174;16/10/14;80;1.2;93.87512041;107;6.8514;0.41964;360.6;349.7
25519802174;05/05/15;71;11;91.86866792;105;10.66;0.8668;82;78.8
25519802174;05/05/15;75;1.5;98.26329709;105;6.806;0.1182;82;78.8
25519802174;05/05/15;74;25;89.55461294;105;18.86;1.97;82;78.8
25519802174;05/05/15;79;1.5;94.58096461;107;2.1812;0.1182;82;78.8
25519802174;05/05/15;76;20.9;0;107;0;1.64692;82;78.8
25519802174;05/05/15;78;2.7;16.30212431;107;0.2542;0.21276;82;78.8
25519802174;05/05/15;80;22.44;18.93123052;107;2.1812;1.768272;82;78.8
25519802174;30/09/15;71;2;98.79465897;105;13.855;0.167;81.5;83.5
25519802174;30/09/15;75;1.5;99.23159509;105;16.3;0.12525;81.5;83.5
25519802174;30/09/15;74;27;94.17629964;105;38.7125;2.2545;81.5;83.5
25519802174;30/09/15;79;1.5;97.65730211;107;5.3464;0.12525;81.5;83.5
25519802174;30/09/15;77;0.25;99.60955035;105;5.3464;0.020875;81.5;83.5
25519802174;30/09/15;76;48.9;0;107;0;4.08315;81.5;83.5
25519802174;30/09/15;78;5.1;25.3549518;107;0.5705;0.42585;81.5;83.5
25519802174;30/09/15;80;50.58;21.00422714;107;5.3464;4.22343;81.5;83.5
25521601977;26/03/12;71;110;38.88888889;107;0.468;0.286;2.6;2.6
25521601977;26/03/12;75;23;95;107;1.196;0.0598;2.6;2.6
25521601977;26/03/12;74;205;79.39698492;105;2.587;0.533;2.6;2.6
25521601977;26/03/12;79;18;89.15662651;107;0.4316;0.0468;2.6;2.6
25521601977;26/03/12;76;0.81;0;107;0;0.002106;2.6;2.6
25521601977;26/03/12;78;1.8;81.05263158;107;0.0247;0.00468;2.6;2.6
25521601977;26/03/12;80;18.99;88.56024096;107;0.4316;0.049374;2.6;2.6
25521601977;16/04/14;71;120;68.42105263;105;0.608;0.192;3.2;1.6
25521601977;16/04/14;75;33;93.65384615;105;0.832;0.0528;3.2;1.6
25521601977;16/04/14;74;232;81.41025641;105;1.9968;0.3712;3.2;1.6
25521601977;16/04/14;79;25.4;88.24074074;107;0.3456;0.04064;3.2;1.6
25521601977;16/04/14;76;0.37;0;107;0;0.000592;3.2;1.6
25521601977;16/04/14;78;2.6;88.59649123;107;0.03648;0.00416;3.2;1.6
25521601977;16/04/14;80;26.2;87.87037037;107;0.3456;0.04192;3.2;1.6
25521902433;30/11/15;71;21;81.26593033;105;1.177;0.2205;10.7;10.5
25521902433;30/11/15;75;1.5;99.01869159;105;1.605;0.01575;10.7;10.5
25521902433;30/11/15;74;25;94.1588785;105;4.494;0.2625;10.7;10.5
25521902433;30/11/15;79;1.5;97.28420181;107;0.57994;0.01575;10.7;10.5
25521902433;30/11/15;76;41.7;0;107;0;0.43785;10.7;10.5
25521902433;30/11/15;78;4;34.57943925;107;0.0642;0.042;10.7;10.5
25521902433;30/11/15;80;43.23;21.73069628;107;0.57994;0.453915;10.7;10.5
25524202208;21/10/15;71;51;63.57142857;105;1.288;0.4692;9.2;9.2
25524202208;21/10/15;75;10;95.23809524;105;1.932;0.092;9.2;9.2
25524202208;21/10/15;74;98;80.51689861;105;4.6276;0.9016;9.2;9.2
25524202208;21/10/15;79;5;93.84236453;107;0.74704;0.046;9.2;9.2
25524202208;21/10/15;76;0.27;0;107;0;0.002484;9.2;9.2
25524202208;21/10/15;78;1.3;83.75;107;0.0736;0.01196;9.2;9.2
25524202208;21/10/15;80;5.32;93.44827586;107;0.74704;0.048944;9.2;9.2
25524500102;17/08/15;71;14;98.33333333;107;40.068;0.6678;47.7;47.7
25524500102;17/08/15;75;3;99.60526316;107;36.252;0.1431;47.7;47.7
25524500102;17/08/15;74;50;96.75324675;107;73.458;2.385;47.7;47.7
25524500102;17/08/15;79;5.2;94.90196078;107;4.8654;0.24804;47.7;47.7
25524500102;17/08/15;77;3.5;93.54243542;107;2.58534;0.16695;47.7;47.7
25524500102;17/08/15;76;0.11;0;107;0.005247;0.005247;47.7;47.7
25524500102;17/08/15;78;1.7;87.94326241;107;0.67257;0.08109;47.7;47.7
25524500102;17/08/15;80;5.32;94.79044262;107;4.871124;0.253764;47.7;47.7
25524500103;23/05/13;71;64;62.35294118;107;97.852;36.8384;575.6;575.6
25524500103;23/05/13;75;5;83.87096774;107;17.8436;2.878;575.6;575.6
25524500103;23/05/13;74;60;34.7826087;107;52.9552;34.536;575.6;575.6
25524500103;23/05/13;79;4.3;-7.5;107;2.3024;2.47508;575.6;575.6
25524500103;23/05/13;76;0.75;0;107;0;0.4317;575.6;575.6
25524500103;23/05/13;78;0.2;60;107;0.2878;0.11512;575.6;575.6
25524500103;23/05/13;80;5.081;-27.025;107;2.3024;2.9246236;575.6;575.6
25524500103;17/06/13;71;70;44.17862839;107;56.0538;31.29;447;447
25524500103;17/06/13;75;14;84.21645998;107;39.6489;6.258;447;447
25524500103;17/06/13;74;79;71.54178674;107;124.0872;35.313;447;447
25524500103;17/06/13;79;5.3;92.10134128;107;29.9937;2.3691;447;447
25524500103;17/06/13;76;0.5;0;107;0;0.2235;447;447
25524500103;17/06/13;78;0.3;95.94594595;107;3.3078;0.1341;447;447
25524500103;17/06/13;80;5.85;91.28166915;107;29.9937;2.61495;447;447
25524500103;12/07/13;71;240;-9.25224327;107;26.4792;28.92912;120.36;120.538
25524500103;12/07/13;75;7;93.62695248;107;13.2396;0.843766;120.36;120.538
25524500103;12/07/13;74;96;82.09646665;107;64.63332;11.571648;120.36;120.538
25524500103;12/07/13;79;5.5;93.38759432;107;10.025988;0.662959;120.36;120.538
25524500103;12/07/13;76;0.11;0;107;0;0.01325918;120.36;120.538
25524500103;12/07/13;78;0.51;92.51093494;107;0.8208552;0.06147438;120.36;120.538
25524500103;12/07/13;80;5.76;93.07500787;107;10.025988;0.69429888;120.36;120.538
25524500103;17/07/13;71;290;-74.69879518;107;16.4506;28.739;99.1;99.1
25524500103;17/07/13;75;7;93.91833189;107;11.40641;0.6937;99.1;99.1
25524500103;17/07/13;74;94;75.15856237;107;37.49944;9.3154;99.1;99.1
25524500103;17/07/13;79;5.2;92.82758621;107;7.18475;0.51532;99.1;99.1
25524500103;17/07/13;76;0.5;0;107;0;0.04955;99.1;99.1
25524500103;17/07/13;78;0.54;91.81818182;107;0.65406;0.053514;99.1;99.1
25524500103;17/07/13;80;5.8;92;107;7.18475;0.57478;99.1;99.1
25524500103;06/08/13;71;320;60.97560976;107;80.524;31.424;98.2;98.2
25524500103;06/08/13;75;12;98.55421687;107;81.506;1.1784;98.2;98.2
25524500103;06/08/13;74;103;90.46296296;107;106.056;10.1146;98.2;98.2
25524500103;06/08/13;79;6.5;92.94245385;107;9.04422;0.6383;98.2;98.2
25524500103;06/08/13;76;1.06;0;107;0;0.104092;98.2;98.2
25524500103;06/08/13;78;0.75;93.11926606;107;1.07038;0.07365;98.2;98.2
25524500103;06/08/13;80;7.58;91.76981542;107;9.04422;0.744356;98.2;98.2
25524500103;21/08/13;71;320;15.78947368;107;40.736;34.304;107.2;107.2
25524500103;21/08/13;75;16;92.38095238;107;22.512;1.7152;107.2;107.2
25524500103;21/08/13;74;113;86.98156682;107;93.0496;12.1136;107.2;107.2
25524500103;21/08/13;79;7.1;91.94097616;107;9.44432;0.76112;107.2;107.2
25524500103;21/08/13;76;0.11;0;107;0;0.011792;107.2;107.2
25524500103;21/08/13;78;0.57;93.63128492;107;0.95944;0.061104;107.2;107.2
25524500103;21/08/13;80;7.215;91.81044268;107;9.44432;0.773448;107.2;107.2
25524500103;02/09/13;71;97;11.81818182;107;15.224;13.4248;138.4;138.4
25524500103;02/09/13;75;7;90.39780521;107;10.08936;0.9688;138.4;138.4
25524500103;02/09/13;74;54;82.43331165;107;42.54416;7.4736;138.4;138.4
25524500103;02/09/13;79;1.5;97.01195219;107;6.94768;0.2076;138.4;138.4
25524500103;02/09/13;76;0.5;0;107;0;0.0692;138.4;138.4
25524500103;02/09/13;78;0.22;96;107;0.7612;0.030448;138.4;138.4
25524500103;02/09/13;80;2.002;96.01195219;107;6.94768;0.2770768;138.4;138.4
25524500103;16/09/13;71;210;-5;107;64.12;67.326;320.6;320.6
25524500103;16/09/13;75;10;92.85714286;107;44.884;3.206;320.6;320.6
25524500103;16/09/13;74;74;80.82901554;107;123.7516;23.7244;320.6;320.6
25524500103;16/09/13;79;8.5;82.29166667;107;15.3888;2.7251;320.6;320.6
25524500103;16/09/13;76;0.11;0;107;0;0.035266;320.6;320.6
25524500103;16/09/13;78;0.35;92.55319149;107;1.50682;0.11221;320.6;320.6
25524500103;16/09/13;80;8.64;82;107;15.3888;2.769984;320.6;320.6
25524500103;30/09/13;71;110;-11.11111111;107;7.8804;8.756;79.6;79.6
25524500103;30/09/13;75;8;88.05970149;107;5.3332;0.6368;79.6;79.6
25524500103;30/09/13;74;55;78.34645669;107;20.2184;4.378;79.6;79.6
25524500103;30/09/13;79;4.1;90.44289044;107;3.41484;0.32636;79.6;79.6
25524500103;30/09/13;76;0.25;0;107;0;0.0199;79.6;79.6
25524500103;30/09/13;78;0.3;93.75;107;0.38208;0.02388;79.6;79.6
25524500103;30/09/13;80;4.62;89.23076923;107;3.41484;0.367752;79.6;79.6
25524500103;28/10/13;71;67;-191.3043478;107;4.5356;13.2124;197.2;197.2
25524500103;28/10/13;75;8;0;107;1.5776;1.5776;197.2;197.2
25524500103;28/10/13;74;50;-13.63636364;107;8.6768;9.86;197.2;197.2
25524500103;28/10/13;79;6.1;-22;107;0.986;1.20292;197.2;197.2
25524500103;28/10/13;76;3.73;-193.7007874;107;0.250444;0.735556;197.2;197.2
25524500103;28/10/13;78;0.54;-12.5;107;0.094656;0.106488;197.2;197.2
25524500103;28/10/13;80;9.94;-53.86996904;107;1.273912;1.960168;197.2;197.2
25524500103;11/12/13;71;17;55.26315789;107;3.2262;1.4433;84.9;84.9
25524500103;11/12/13;75;4;91.4893617;107;3.9903;0.3396;84.9;84.9
25524500103;11/12/13;74;40;56.04395604;107;7.7259;3.396;84.9;84.9
25524500103;11/12/13;79;5.4;67.66467066;107;1.41783;0.45846;84.9;84.9
25524500103;11/12/13;76;1.24;0;107;0;0.105276;84.9;84.9
25524500103;11/12/13;78;0.21;89.95215311;107;0.177441;0.017829;84.9;84.9
25524500103;11/12/13;80;6.72;59.76047904;107;1.41783;0.570528;84.9;84.9
25524500103;08/01/14;71;51;-537.5;107;0.6368;4.0596;79.6;79.6
25524500103;08/01/14;75;11;-57.14285714;107;0.5572;0.8756;79.6;79.6
25524500103;08/01/14;74;48;-220;107;1.194;3.8208;79.6;79.6
25524500103;08/01/14;79;3.3;-120;107;0.1194;0.26268;79.6;79.6
25524500103;08/01/14;76;1.79;0;107;0;0.142484;79.6;79.6
25524500103;08/01/14;78;0.23;-4.545454545;107;0.017512;0.018308;79.6;79.6
25524500103;08/01/14;80;5.14;-242.6666667;107;0.1194;0.409144;79.6;79.6
25524500103;08/07/15;71;56;94.90909091;107;98.78;5.0288;89.8;89.8
25524500103;08/07/15;75;19;98.08080808;107;88.902;1.7062;89.8;89.8
25524500103;08/07/15;74;189;93.15217391;107;247.848;16.9722;89.8;89.8
25524500103;08/07/15;79;4.9;96.47482014;107;12.4822;0.44002;89.8;89.8
25524500103;08/07/15;77;0.25;99.50980392;107;4.5798;0.02245;89.8;89.8
25524500103;08/07/15;76;0.11;0;107;0.009878;0.009878;89.8;89.8
25524500103;08/07/15;78;0.5;97.6635514;107;1.92172;0.0449;89.8;89.8
25524500103;08/07/15;80;5.02;96.39160437;107;12.492976;0.450796;89.8;89.8
25524500103;15/07/15;71;81;-14.08450704;107;8.4916;9.6876;119.6;119.6
25524500103;15/07/15;75;22;90;107;26.312;2.6312;119.6;119.6
25524500103;15/07/15;74;191;60.78028747;107;58.2452;22.8436;119.6;119.6
25524500103;15/07/15;79;6.5;92.99568966;107;11.09888;0.7774;119.6;119.6
25524500103;15/07/15;77;0.6;99.16317992;107;8.57532;0.07176;119.6;119.6
25524500103;15/07/15;76;0.11;0;107;0.013156;0.013156;119.6;119.6
25524500103;15/07/15;78;0.6;92.40506329;107;0.94484;0.07176;119.6;119.6
25524500103;15/07/15;80;6.62;92.87559191;107;11.113232;0.791752;119.6;119.6
25524500103;27/07/15;71;180;21.73913043;107;21.85;17.1;95;95
25524500103;27/07/15;75;8;94.66666667;107;14.25;0.76;95;95
25524500103;27/07/15;74;126;67.01570681;107;36.29;11.97;95;95
25524500103;27/07/15;79;4.1;95.31428571;107;8.3125;0.3895;95;95
25524500103;27/07/15;77;0.25;99.64539007;107;6.6975;0.02375;95;95
25524500103;27/07/15;76;0.11;0;107;0.01045;0.01045;95;95
25524500103;27/07/15;78;0.5;93.58974359;107;0.741;0.0475;95;95
25524500103;27/07/15;80;4.22;95.183748;107;8.3239;0.4009;95;95
25524500103;12/08/15;71;110;-44.73684211;107;8.2612;11.957;108.7;108.7
25524500103;12/08/15;75;9;93.07692308;107;14.131;0.9783;108.7;108.7
25524500103;12/08/15;74;88;72.23974763;107;34.4579;9.5656;108.7;108.7
25524500103;12/08/15;79;3.7;94.22776911;107;6.96767;0.40219;108.7;108.7
25524500103;12/08/15;77;0.3;99.39148073;107;5.35891;0.03261;108.7;108.7
25524500103;12/08/15;76;0.11;0;107;0.011957;0.011957;108.7;108.7
25524500103;12/08/15;78;0.4;93.33333333;107;0.6522;0.04348;108.7;108.7
25524500103;12/08/15;80;3.81;94.06634481;107;6.979627;0.414147;108.7;108.7
25524500103;17/08/15;71;180;18.18181818;107;25.146;20.574;114.3;114.3
25524500103;17/08/15;75;43;80.45454545;107;25.146;4.9149;114.3;114.3
25524500103;17/08/15;74;122;79.00172117;107;66.4083;13.9446;114.3;114.3
25524500103;17/08/15;79;4.1;95.61027837;107;10.67562;0.46863;114.3;114.3
25524500103;17/08/15;77;0.7;98.94099849;107;7.55523;0.08001;114.3;114.3
25524500103;17/08/15;76;0.11;0;107;0.012573;0.012573;114.3;114.3
25524500103;17/08/15;78;0.2;98.03921569;107;1.16586;0.02286;114.3;114.3
25524500103;17/08/15;80;4.22;95.48759624;107;10.689336;0.482346;114.3;114.3
25524500103;26/08/15;71;68;17.07317073;107;8.0524;6.6776;98.2;98.2
25524500103;26/08/15;75;9;93.07692308;107;12.766;0.8838;98.2;98.2
25524500103;26/08/15;74;82;76.1627907;107;33.7808;8.0524;98.2;98.2
25524500103;26/08/15;79;4;94.43671766;107;7.06058;0.3928;98.2;98.2
25524500103;26/08/15;77;0.25;99.49186992;107;4.83144;0.02455;98.2;98.2
25524500103;26/08/15;76;0.25;-127.2727273;107;0.010802;0.02455;98.2;98.2
25524500103;26/08/15;78;0.3;95.89041096;107;0.71686;0.02946;98.2;98.2
25524500103;26/08/15;80;4.67;93.51569009;107;7.072364;0.458594;98.2;98.2
25524500103;30/09/15;71;84;-82.60869565;107;4.1308;7.5432;89.8;89.8
25524500103;30/09/15;75;8;87.3015873;107;5.6574;0.7184;89.8;89.8
25524500103;30/09/15;74;43;74.85380117;107;15.3558;3.8614;89.8;89.8
25524500103;30/09/15;79;3.4;90.86021505;107;3.34056;0.30532;89.8;89.8
25524500103;30/09/15;77;1.3;96.23188406;107;3.0981;0.11674;89.8;89.8
25524500103;30/09/15;76;0.11;0;107;0.009878;0.009878;89.8;89.8
25524500103;30/09/15;78;0.2;95.34883721;107;0.38614;0.01796;89.8;89.8
25524500103;30/09/15;80;3.52;90.56806002;107;3.351336;0.316096;89.8;89.8
25524500103;14/10/15;71;34;77.33333333;107;10.395;2.3562;69.3;69.3
25524500103;14/10/15;75;8;95;107;11.088;0.5544;69.3;69.3
25524500103;14/10/15;74;56;77.95275591;107;17.6022;3.8808;69.3;69.3
25524500103;14/10/15;79;3.2;91.16022099;107;2.50866;0.22176;69.3;69.3
25524500103;14/10/15;77;0.6;97.85714286;107;1.9404;0.04158;69.3;69.3
25524500103;14/10/15;76;0.11;0;107;0.007623;0.007623;69.3;69.3
25524500103;14/10/15;78;0.1;97.14285714;107;0.24255;0.00693;69.3;69.3
25524500103;14/10/15;80;3.32;90.86657497;107;2.519055;0.230076;69.3;69.3
25524500103;22/10/15;71;31;84.5;107;13.68;2.1204;68.4;68.4
25524500103;22/10/15;75;7;95.33333333;107;10.26;0.4788;68.4;68.4
25524500103;22/10/15;74;60;85.33007335;107;27.9756;4.104;68.4;68.4
25524500103;22/10/15;79;3.2;93.45603272;107;3.34476;0.21888;68.4;68.4
25524500103;22/10/15;77;0.25;99.16666667;107;2.052;0.0171;68.4;68.4
25524500103;22/10/15;76;0.25;-127.2727273;107;0.007524;0.0171;68.4;68.4
25524500103;22/10/15;78;0.2;96.55172414;107;0.39672;0.01368;68.4;68.4
25524500103;22/10/15;80;3.49;92.87973069;107;3.352626;0.238716;68.4;68.4
25524500103;04/11/15;71;30;44.44444444;107;2.997;1.665;55.5;55.5
25524500103;04/11/15;75;6;92.77108434;107;4.6065;0.333;55.5;55.5
25524500103;04/11/15;74;45;77.04081633;107;10.878;2.4975;55.5;55.5
25524500103;04/11/15;79;2.9;91.52046784;107;1.8981;0.16095;55.5;55.5
25524500103;04/11/15;77;0.9;96.69117647;107;1.5096;0.04995;55.5;55.5
25524500103;04/11/15;76;0.29;-163.6363636;107;0.006105;0.016095;55.5;55.5
25524500103;04/11/15;78;0.05;93.75;107;0.0444;0.002775;55.5;55.5
25524500103;04/11/15;80;3.23;90.58857809;107;1.90476;0.179265;55.5;55.5
25524500103;18/11/15;71;36;34.54545455;107;2.8655;1.8756;52.1;52.1
25524500103;18/11/15;75;5;90.74074074;107;2.8134;0.2605;52.1;52.1
25524500103;18/11/15;74;37;77.57575758;107;8.5965;1.9277;52.1;52.1
25524500103;18/11/15;79;2.2;92;107;1.43275;0.11462;52.1;52.1
25524500103;18/11/15;77;0.8;96.53679654;107;1.20351;0.04168;52.1;52.1
25524500103;18/11/15;76;0.84;-250;107;0.012504;0.043764;52.1;52.1
25524500103;18/11/15;78;0.2;92.59259259;107;0.14067;0.01042;52.1;52.1
25524500103;18/11/15;80;3.06;88.97694524;107;1.446296;0.159426;52.1;52.1
25526301976;18/06/12;71;20;98.46153846;105;35.23;0.542;27.1;27.1
25526301976;18/06/12;75;31;96.93069307;105;27.371;0.8401;27.1;27.1
25526301976;18/06/12;74;140;94.59459459;106;70.189;3.794;27.1;27.1
25526301976;18/06/12;79;36;73.33333333;107;3.6585;0.9756;27.1;27.1
25526301976;18/06/12;76;35;0;107;0;0.9485;27.1;27.1
25526301976;18/06/12;78;10.4;36.58536585;107;0.44444;0.28184;27.1;27.1
25526301976;18/06/12;80;72.3;46.44444444;107;3.6585;1.95933;27.1;27.1
25526301976;20/11/13;71;1;99.33333333;105;10.74;0.0716;71.6;71.6
25526301976;20/11/13;75;1.5;99.0625;105;11.456;0.1074;71.6;71.6
25526301976;20/11/13;74;49;88.88888889;105;31.5756;3.5084;71.6;71.6
25526301976;20/11/13;79;10.9;78.99807322;107;3.71604;0.78044;71.6;71.6
25526301976;20/11/13;76;12.6;0;107;0;0.90216;71.6;71.6
25526301976;20/11/13;78;2.9;51.66666667;107;0.4296;0.20764;71.6;71.6
25526301976;20/11/13;80;24.53;52.73603083;107;3.71604;1.756348;71.6;71.6
25526301976;02/07/14;71;9;96.66666667;105;22.896;0.7632;84.8;84.8
25526301976;02/07/14;75;13;96.57894737;105;32.224;1.1024;84.8;84.8
25526301976;02/07/14;74;96;88.67924528;105;71.9104;8.1408;84.8;84.8
25526301976;02/07/14;79;24.9;75.82524272;107;8.7344;2.11152;84.8;84.8
25526301976;02/07/14;76;39.4;0;107;0;3.34112;84.8;84.8
25526301976;02/07/14;78;6.1;45.04504505;107;0.94128;0.51728;84.8;84.8
25526301976;02/07/14;80;65.59;36.32038835;107;8.7344;5.562032;84.8;84.8
25526301976;08/07/15;71;13;99.27777778;105;68.4;0.494;38;38
25526301976;08/07/15;75;13;98.91666667;105;45.6;0.494;38;38
25526301976;08/07/15;74;107;96.57051282;105;118.56;4.066;38;38
25526301976;08/07/15;79;19.2;87.28476821;107;5.738;0.7296;38;38
25526301976;08/07/15;76;59.6;0;107;0;2.2648;38;38
25526301976;08/07/15;78;6.3;-6.779661017;107;0.2242;0.2394;38;38
25526301976;08/07/15;80;79.01;47.67549669;107;5.738;3.00238;38;38
25528800764;10/04/13;71;3.8;97.86830272;105;36.918;0.78698;205.1;207.1
25528800764;10/04/13;75;4;97.11499617;105;28.714;0.8284;205.1;207.1
25528800764;10/04/13;74;40;90.49645797;105;87.1675;8.284;205.1;207.1
25528800764;10/04/13;79;5;90.29085249;107;10.6652;1.0355;205.1;207.1
25528800764;10/04/13;76;5.6;0;107;0;1.15976;205.1;207.1
25528800764;10/04/13;78;3.1;46.94526853;107;1.21009;0.64201;205.1;207.1
25528800764;10/04/13;80;10.77;79.08649627;107;10.6652;2.230467;205.1;207.1
25528800764;09/09/13;71;12;95.2;105;118.575;5.6916;474.3;474.3
25528800764;09/09/13;75;3;98.125;105;75.888;1.4229;474.3;474.3
25528800764;09/09/13;74;35;89.9713467;105;165.5307;16.6005;474.3;474.3
25528800764;09/09/13;79;2.3;93.29446064;107;16.26849;1.09089;474.3;474.3
25528800764;09/09/13;76;3.02;0;107;0;1.432386;474.3;474.3
25528800764;09/09/13;78;1.4;68.18181818;107;2.08692;0.66402;474.3;474.3
25528800764;09/09/13;80;5.57;83.76093294;107;16.26849;2.641851;474.3;474.3
25528800764;14/05/14;71;12;96.63734115;105;36.828;1.2384;102.3;103.2
25528800764;14/05/14;75;3;99.32746823;105;46.035;0.3096;102.3;103.2
25528800764;14/05/14;74;38;95.69760821;105;91.1493;3.9216;102.3;103.2
25528800764;14/05/14;79;2;97.91139202;107;9.88218;0.2064;102.3;103.2
25528800764;14/05/14;76;1.16;0;107;0;0.119712;102.3;103.2
25528800764;14/05/14;78;5.3;51.39429485;107;1.1253;0.54696;102.3;103.2
25528800764;14/05/14;80;3.21;96.64778419;107;9.88218;0.331272;102.3;103.2
25528800764;01/09/14;71;4;99.31610942;105;57.904;0.396;103.4;99
25528800764;01/09/14;75;1.5;99.64971458;105;42.394;0.1485;103.4;99
25528800764;01/09/14;74;36;96.74829386;105;109.604;3.564;103.4;99
25528800764;01/09/14;79;2.5;97.90033595;107;11.7876;0.2475;103.4;99
25528800764;01/09/14;76;0.96;0;107;0;0.09504;103.4;99
25528800764;01/09/14;78;6.2;50.1162167;107;1.23046;0.6138;103.4;99
25528800764;01/09/14;80;3.66;96.92609183;107;11.7876;0.36234;103.4;99
25528800764;08/07/15;71;5;98.93617021;105;50.149;0.5335;106.7;106.7
25528800764;08/07/15;75;3;99.31818182;105;46.948;0.3201;106.7;106.7
25528800764;08/07/15;74;53;95.61983471;105;129.107;5.6551;106.7;106.7
25528800764;08/07/15;79;3.4;97.7027027;107;15.7916;0.36278;106.7;106.7
25528800764;08/07/15;76;0.37;0;107;0;0.039479;106.7;106.7
25528800764;08/07/15;78;3.2;46.66666667;107;0.6402;0.34144;106.7;106.7
25528800764;08/07/15;80;3.94;97.33783784;107;15.7916;0.420398;106.7;106.7
25528800764;31/08/15;71;120;70.85348548;105;103.587;30.192;240.9;251.6
25528800764;31/08/15;75;20;90.50530209;105;52.998;5.032;240.9;251.6
25528800764;31/08/15;74;171;75.40010086;105;174.8934;43.0236;240.9;251.6
25528800764;31/08/15;79;15.3;70.4081915;107;13.0086;3.84948;240.9;251.6
25528800764;31/08/15;76;0.89;0;107;0;0.223924;240.9;251.6
25528800764;31/08/15;78;7.7;71.0719096;107;6.69702;1.93732;240.9;251.6
25528800764;31/08/15;80;16.31;68.45474532;107;13.0086;4.103596;240.9;251.6
25528800764;05/04/16;71;3;98.30226244;105;33.15;0.5628;195;187.6
25528800764;05/04/16;75;3;98.62564103;105;40.95;0.5628;195;187.6
25528800764;05/04/16;74;26;94.04444444;105;81.9;4.8776;195;187.6
25528800764;05/04/16;79;3.2;94.13606838;107;10.2375;0.60032;195;187.6
25528800764;05/04/16;76;1.73;0;107;0;0.324548;195;187.6
25528800764;05/04/16;78;2.2;64.72478632;107;1.17;0.41272;195;187.6
25528800764;05/04/16;80;5.18;90.50776068;107;10.2375;0.971768;195;187.6
25532400902;24/07/13;71;130;55.17241379;105;13.456;6.032;46.4;46.4
25532400902;24/07/13;75;49;65;105;6.496;2.2736;46.4;46.4
25532400902;24/07/13;74;145;65.88235294;105;19.72;6.728;46.4;46.4
25532400902;24/07/13;79;26;62.31884058;107;3.2016;1.2064;46.4;46.4
25532400902;24/07/13;76;0.25;0;107;0;0.0116;46.4;46.4
25532400902;24/07/13;78;2.9;72.64150943;107;0.49184;0.13456;46.4;46.4
25532400902;24/07/13;80;26.255;61.94927536;107;3.2016;1.218232;46.4;46.4
25532400902;28/10/13;71;33;8.333333333;106;4.3776;4.0128;121.6;121.6
25532400902;28/10/13;75;13;65.78947368;105;4.6208;1.5808;121.6;121.6
25532400902;28/10/13;74;64;57.89473684;106;18.4832;7.7824;121.6;121.6
25532400902;28/10/13;79;26.6;-23.72093023;107;2.6144;3.23456;121.6;121.6
25532400902;28/10/13;76;0.53;0;107;0;0.064448;121.6;121.6
25532400902;28/10/13;78;2.5;10.71428571;107;0.34048;0.304;121.6;121.6
25532400902;28/10/13;80;27.2;-26.51162791;107;2.6144;3.30752;121.6;121.6
25532400902;30/06/14;71;290;19.44444444;106;14.292;11.513;39.7;39.7
25532400902;30/06/14;75;31;64.36781609;105;3.4539;1.2307;39.7;39.7
25532400902;30/06/14;74;229;58.88689408;106;22.1129;9.0913;39.7;39.7
25532400902;30/06/14;79;16.4;56.03217158;107;1.48081;0.65108;39.7;39.7
25532400902;30/06/14;76;0.22;0;107;0;0.008734;39.7;39.7
25532400902;30/06/14;78;4.2;32.25806452;107;0.24614;0.16674;39.7;39.7
25532400902;30/06/14;80;16.65;55.36193029;107;1.48081;0.661005;39.7;39.7
25532400902;18/05/15;71;17;91.9047619;105;7.098;0.5746;33.8;33.8
25532400902;18/05/15;75;9;89.77272727;105;2.9744;0.3042;33.8;33.8
25532400902;18/05/15;74;49;85.63049853;105;11.5258;1.6562;33.8;33.8
25532400902;18/05/15;79;5.3;87.70301624;107;1.45678;0.17914;33.8;33.8
25532400902;18/05/15;76;0.52;0;107;0;0.017576;33.8;33.8
25532400902;18/05/15;78;1.5;77.27272727;107;0.22308;0.0507;33.8;33.8
25532400902;18/05/15;80;5.97;86.14849188;107;1.45678;0.201786;33.8;33.8
25532400902;30/09/15;71;24;82.85714286;105;15.442;2.6472;110.3;110.3
25532400902;30/09/15;75;5;90.38461538;105;5.7356;0.5515;110.3;110.3
25532400902;30/09/15;74;30;86.48648649;105;24.4866;3.309;110.3;110.3
25532400902;30/09/15;79;19;50.2617801;107;4.21346;2.0957;110.3;110.3
25532400902;30/09/15;76;0.86;0;107;0;0.094858;110.3;110.3
25532400902;30/09/15;78;2.4;50;107;0.52944;0.26472;110.3;110.3
25532400902;30/09/15;80;19.95;47.77486911;107;4.21346;2.200485;110.3;110.3
25535100214;12/04/12;71;4;98.30892512;105;72.38;1.224;329;306
25535100214;12/04/12;75;3;98.13981763;105;49.35;0.918;329;306
25535100214;12/04/12;74;26;95.34954407;105;171.08;7.956;329;306
25535100214;10/05/12;71;4.4;98.55254001;105;158.07;2.288;479;520
25535100214;10/05/12;75;3;95.92901879;105;38.32;1.56;479;520
25535100214;10/05/12;74;20;94.13191898;105;177.23;10.4;479;520
25535100214;10/05/12;79;2;93.42063643;107;15.807;1.04;479;520
25535100214;10/05/12;76;1.5;0;107;0;0.78;479;520
25535100214;10/05/12;78;2.5;-0.518054589;107;1.2933;1.3;479;520
25535100214;10/05/12;80;3.56;88.28873284;107;15.807;1.8512;479;520
25535100214;19/06/12;71;2.4;99.12074869;105;87.62;0.7704;337;321
25535100214;19/06/12;75;3;97.80187172;105;43.81;0.963;337;321
25535100214;19/06/12;74;55;88.73360773;105;156.705;17.655;337;321
25535100214;17/07/12;71;2.6;98.91832907;105;58.65;0.6344;255;244
25535100214;17/07/12;75;3;98.85176471;105;63.75;0.732;255;244
25535100214;17/07/12;74;15;96.41176471;105;102;3.66;255;244
25535100214;07/08/12;71;2;99.31496831;105;82.04;0.562;293;281
25535100214;07/08/12;75;3;97.94490492;105;41.02;0.843;293;281
25535100214;07/08/12;74;28;94.57510256;105;145.035;7.868;293;281
25535100214;04/09/12;71;5.8;97.96537188;105;66.42;1.3514;246;233
25535100214;04/09/12;75;3;98.50449294;105;46.74;0.699;246;233
25535100214;04/09/12;74;35;93.97265336;105;135.3;8.155;246;233
25535100214;25/10/12;71;2;99.28594612;105;61.62;0.44;237;220
25535100214;25/10/12;75;3;98.3618764;105;40.29;0.66;237;220
25535100214;25/10/12;74;18;96.98939446;105;131.535;3.96;237;220
25535100214;25/10/12;79;2;97.00558051;107;14.694;0.44;237;220
25535100214;25/10/12;76;4.3;0;107;0;0.946;237;220
25535100214;25/10/12;78;2.3;28.8326301;107;0.711;0.506;237;220
25535100214;25/10/12;80;6.31;90.55260651;107;14.694;1.3882;237;220
25535100214;28/11/12;71;2;99.4647092;105;88.55;0.474;253;237
25535100214;28/11/12;75;3;98.43873518;105;45.54;0.711;253;237
25535100214;28/11/12;74;36;94.77157827;105;163.185;8.532;253;237
25535100214;12/12/12;71;3;98.40788623;105;46.41;0.7389;221;246.3
25535100214;12/12/12;75;3;98.48025504;105;48.62;0.7389;221;246.3
25535100214;12/12/12;74;15;96.62278898;105;109.395;3.6945;221;246.3
25538501097;25/09/13;71;11;99.35294118;105;24.31;0.1573;14.3;14.3
25538501097;25/09/13;75;4;99.5505618;105;12.727;0.0572;14.3;14.3
25538501097;25/09/13;74;26;99.30666667;105;53.625;0.3718;14.3;14.3
25538501097;25/09/13;79;20.1;89.47643979;107;2.7313;0.28743;14.3;14.3
25538501097;25/09/13;76;0.19;0;107;0;0.002717;14.3;14.3
25538501097;25/09/13;78;10.4;68.95522388;107;0.47905;0.14872;14.3;14.3
25538501097;25/09/13;80;20.54;89.2460733;107;2.7313;0.293722;14.3;14.3
25538501097;10/06/15;71;4;99.76470588;105;26.35;0.062;15.5;15.5
25538501097;10/06/15;75;4;99.53488372;105;13.33;0.062;15.5;15.5
25538501097;10/06/15;74;51;98.56338028;105;55.025;0.7905;15.5;15.5
25538501097;10/06/15;79;27.7;81.77631579;107;2.356;0.42935;15.5;15.5
25538501097;10/06/15;76;22.2;0;107;0;0.3441;15.5;15.5
25538501097;10/06/15;78;6.3;73.85892116;107;0.37355;0.09765;15.5;15.5
25538501097;10/06/15;80;50.08;67.05263158;107;2.356;0.77624;15.5;15.5
25539702155;08/09/14;71;46;80;105;4.232;0.8464;18.4;18.4
25539702155;08/09/14;75;30;88.88888889;105;4.968;0.552;18.4;18.4
25539702155;08/09/14;74;167;76.14285714;105;12.88;3.0728;18.4;18.4
25539702155;08/09/14;79;29.2;72.19047619;107;1.932;0.53728;18.4;18.4
25539702155;08/09/14;76;12.6;0;107;0;0.23184;18.4;18.4
25539702155;08/09/14;78;6.8;31.31313131;107;0.18216;0.12512;18.4;18.4
25539702155;08/09/14;80;43.28;58.78095238;107;1.932;0.796352;18.4;18.4
25539802173;30/06/14;71;15;-36.5890308;107;2.662;3.636;24.2;242.4
25539802173;30/06/14;75;8;3.455142886;107;2.0086;1.9392;24.2;242.4
25539802173;30/06/14;74;58;-217.4637583;107;4.4286;14.0592;24.2;242.4
25539802173;30/06/14;79;12;-201.2489902;107;0.96558;2.9088;24.2;242.4
25539802173;30/06/14;76;22.8;0;107;0;5.52672;24.2;242.4
25539802173;30/06/14;78;3.8;-806.257379;107;0.10164;0.92112;24.2;242.4
25539802173;30/06/14;80;35.48;-790.6928478;107;0.96558;8.600352;24.2;242.4
25539802173;06/10/14;71;8.3;98.45438088;107;98.325;1.51973;172.5;183.1
25539802173;06/10/14;75;5;95.57729469;107;20.7;0.9155;172.5;183.1
25539802173;06/10/14;74;35;88.9760461;107;58.1325;6.4085;172.5;183.1
25539802173;06/10/14;79;10.1;67.90228239;107;5.7615;1.84931;172.5;183.1
25539802173;06/10/14;76;39.9;0;107;0;7.30569;172.5;183.1
25539802173;06/10/14;78;5.1;-2.139458573;107;0.91425;0.93381;172.5;183.1
25539802173;06/10/14;80;50.43;-60.26612861;107;5.7615;9.233733;172.5;183.1
25539802173;20/07/15;71;44;83.56321839;107;15.66;2.574;58;58.5
25539802173;20/07/15;75;20;89.9137931;107;11.6;1.17;58;58.5
25539802173;20/07/15;74;132;73.2654757;107;28.884;7.722;58;58.5
25539802173;20/07/15;79;27.8;65.21134594;107;4.6748;1.6263;58;58.5
25539802173;20/07/15;76;39.3;0;107;0;2.29905;58;58.5
25539802173;20/07/15;78;3.8;55.94530321;107;0.5046;0.2223;58;58.5
25539802173;20/07/15;80;72.19;9.662124583;107;4.6748;4.223115;58;58.5
25539802173;12/10/15;71;19;94.58926616;107;31.955;1.729;91.3;91
25539802173;12/10/15;75;32;91.23767798;107;33.2332;2.912;91.3;91
25539802173;12/10/15;74;95;85.8885481;107;61.2623;8.645;91.3;91
25539802173;12/10/15;79;14.8;84.47224304;107;8.6735;1.3468;91.3;91
25539802173;12/10/15;76;44.2;0;107;0;4.0222;91.3;91
25539802173;12/10/15;78;5;32.65445073;107;0.67562;0.455;91.3;91
25539802173;12/10/15;80;59.28;37.80503834;107;8.6735;5.39448;91.3;91
25544301659;24/04/13;71;8.8;98.57166948;105;71.16;1.0164;118.6;115.5
25544301659;24/04/13;75;4;87.43404232;106;3.6766;0.462;118.6;115.5
25544301659;24/04/13;74;45;85.63154839;105;36.173;5.1975;118.6;115.5
25544301659;24/04/13;79;2.8;85.6483536;107;2.2534;0.3234;118.6;115.5
25544301659;24/04/13;76;9.6;0;107;0;1.1088;118.6;115.5
25544301659;24/04/13;78;1.2;55.052536;107;0.30836;0.1386;118.6;115.5
25544301659;24/04/13;80;12.74;34.70000888;107;2.2534;1.47147;118.6;115.5
25544301659;30/09/15;71;8;90.50891499;105;5.8497;0.5552;62.9;69.4
25544301659;30/09/15;75;1.5;98.49544732;105;6.919;0.1041;62.9;69.4
25544301659;30/09/15;74;26;90.46950018;105;18.9329;1.8044;62.9;69.4
25544301659;30/09/15;79;1.7;96.01767372;107;2.96259;0.11798;62.9;69.4
25544301659;30/09/15;76;16.2;0;107;0;1.12428;62.9;69.4
25544301659;30/09/15;78;3.7;24.40087146;107;0.33966;0.25678;62.9;69.4
25544301659;30/09/15;80;18;57.83419238;107;2.96259;1.2492;62.9;69.4
25546001438;17/04/13;71;7.6;97.18518519;105;8.559;0.24092;31.7;31.7
25546001438;17/04/13;75;3;97.5;105;3.804;0.0951;31.7;31.7
25546001438;17/04/13;74;52;74.63414634;105;6.4985;1.6484;31.7;31.7
25546001438;17/04/13;79;7.4;78.85714286;107;1.1095;0.23458;31.7;31.7
25546001438;17/04/13;76;10;0;107;0;0.317;31.7;31.7
25546001438;17/04/13;78;6;7.692307692;107;0.20605;0.1902;31.7;31.7
25546001438;17/04/13;80;17.58;49.77142857;107;1.1095;0.557286;31.7;31.7
25546001438;17/06/13;71;7.6;97.18518519;105;8.559;0.24092;31.7;31.7
25546001438;17/06/13;75;3;97.5;105;3.804;0.0951;31.7;31.7
25546001438;17/06/13;74;52;74.63414634;105;6.4985;1.6484;31.7;31.7
25546001438;17/06/13;79;7.4;78.85714286;107;1.1095;0.23458;31.7;31.7
25546001438;17/06/13;76;10;0;107;0;0.317;31.7;31.7
25546001438;17/06/13;78;6;7.692307692;107;0.20605;0.1902;31.7;31.7
25546001438;17/06/13;80;17.58;49.77142857;107;1.1095;0.557286;31.7;31.7
25546001438;23/09/15;71;3;99.75172414;105;20.3;0.0504;20.3;16.8
25546001438;23/09/15;75;1.5;99.74137931;105;9.744;0.0252;20.3;16.8
25546001438;23/09/15;74;23;97.94887039;105;18.8384;0.3864;20.3;16.8
25546001438;23/09/15;79;1.2;98.67054425;107;1.51641;0.02016;20.3;16.8
25546001438;23/09/15;76;44.1;0;107;0;0.74088;20.3;16.8
25546001438;23/09/15;78;2.2;82.98420883;107;0.21721;0.03696;20.3;16.8
25546001438;23/09/15;80;45.35;49.75765129;107;1.51641;0.76188;20.3;16.8
25546202386;21/10/15;71;2;99.45945946;105;8.769;0.0474;23.7;23.7
25546202386;21/10/15;75;1.5;99.64285714;105;9.954;0.03555;23.7;23.7
25546202386;21/10/15;74;25;97.3204716;105;22.1121;0.5925;23.7;23.7
25546202386;21/10/15;79;1.7;97.89081886;107;1.91022;0.04029;23.7;23.7
25546202386;21/10/15;76;53.1;0;107;0;1.25847;23.7;23.7
25546202386;21/10/15;78;6.3;33.68421053;107;0.22515;0.14931;23.7;23.7
25546202386;21/10/15;80;54.85;31.94789082;107;1.91022;1.299945;23.7;23.7
25546702263;21/10/15;71;23;93.06256533;105;6.697;0.4646;18.1;20.2
25546702263;21/10/15;75;35;91.12255148;105;7.964;0.707;18.1;20.2
25546702263;21/10/15;74;120;85.96198617;105;17.2674;2.424;18.1;20.2
25546702263;21/10/15;79;41.4;60.50998725;107;2.1177;0.83628;18.1;20.2
25546702263;21/10/15;76;11.4;0;107;0;0.23028;18.1;20.2
25546702263;21/10/15;78;6.4;36.7916687;107;0.20453;0.12928;18.1;20.2
25546702263;21/10/15;80;53.05;49.39745951;107;2.1177;1.07161;18.1;20.2
25518402496;12/09/16;74;94;79.87336385;105;89.5321;18.0198;190.9;191.7
25518402496;12/09/16;79;20.7;66.90008441;107;11.98852;3.96819;190.9;191.7
25518402496;12/09/16;76;24.3;0;107;0;4.65831;190.9;191.7
25518402496;12/09/16;78;6.01;16.06139136;107;1.372571;1.152117;190.9;191.7
25518402496;12/09/16;80;46.87;25.05347616;107;11.98852;8.984979;190.9;191.7
25557302065;29/08/16;71;160;58.97435897;105;39.546;16.224;101.4;101.4
25557302065;29/08/16;75;65;86.73469388;105;49.686;6.591;101.4;101.4
25557302065;29/08/16;74;435;52.97297297;106;93.795;44.109;101.4;101.4
25549601975;26/08/13;71;39;75.19992526;107;16.056;3.9819;89.2;102.1
25549601975;26/08/13;75;16;91.2790946;107;18.732;1.6336;89.2;102.1
25549601975;26/08/13;74;93;81.12596603;107;50.3088;9.4953;89.2;102.1
25547300817;24/07/13;71;4.2;99.44736842;105;21.204;0.11718;27.9;27.9
25547300817;24/07/13;75;7;98.47826087;105;12.834;0.1953;27.9;27.9
25547300817;24/07/13;74;37;97.25925926;105;37.665;1.0323;27.9;27.9
25547300817;24/07/13;79;2.1;97.96116505;107;2.8737;0.05859;27.9;27.9
25547300817;24/07/13;76;23;0;107;0;0.6417;27.9;27.9
25549601975;26/08/13;79;29.8;56.60350985;107;7.01112;3.04258;89.2;102.1
25549601975;26/08/13;76;3.435;0;107;0;0.3507135;89.2;102.1
25549601975;26/08/13;78;7.1;12.61512127;107;0.82956;0.72491;89.2;102.1
25549601975;26/08/13;80;33.285;51.52845052;107;7.01112;3.3983985;89.2;102.1
25549601975;28/11/13;71;62;93.92305807;107;122.43;7.44;111.3;120
25549601975;28/11/13;75;45;85.29772115;107;36.729;5.4;111.3;120
25549601975;28/11/13;74;109;86.27100285;107;95.2728;13.08;111.3;120
25549601975;28/11/13;79;14.9;78.55181572;107;8.33637;1.788;111.3;120
25549601975;28/11/13;76;16.1;0;107;0;1.932;111.3;120
25549601975;28/11/13;78;3.88;56.28747743;107;1.065141;0.4656;111.3;120
25549601975;28/11/13;80;32.58;53.10188967;107;8.33637;3.9096;111.3;120
25549601975;05/05/14;71;140;73.85019355;107;36.941;9.66;69.7;69
25549601975;05/05/14;75;44;68.88706702;107;9.758;3.036;69.7;69
25549601975;05/05/14;74;264;68.24439404;107;57.3631;18.216;69.7;69
25549601975;05/05/14;79;81.6;9.337275191;107;6.21027;5.6304;69.7;69
25549601975;05/05/14;76;4.05;0;107;0;0.27945;69.7;69
25549601975;05/05/14;78;9.47;-28.42318351;107;0.50881;0.65343;69.7;69
25549601975;05/05/14;80;87.23;3.081991604;107;6.21027;6.01887;69.7;69
25549601975;25/08/14;71;92;70.47894218;107;58.838;17.3696;189.8;188.8
25549601975;25/08/14;75;43;73.26659642;107;30.368;8.1184;189.8;188.8
25549601975;25/08/14;74;145;51.59864499;107;56.5604;27.376;189.8;188.8
25549601975;25/08/14;79;40.8;24.84252429;107;10.2492;7.70304;189.8;188.8
25549601975;25/08/14;76;5.89;0;107;0;1.112032;189.8;188.8
25549601975;25/08/14;78;6.4;-2.681940243;107;1.17676;1.20832;189.8;188.8
25549601975;25/08/14;80;47.78;11.98470124;107;10.2492;9.020864;189.8;188.8
25549601975;16/07/15;71;57;85.75;107;144;20.52;360;360
25549601975;16/07/15;75;23;95.20833333;107;172.8;8.28;360;360
25549601975;16/07/15;74;135;83.31273177;107;291.24;48.6;360;360
25549601975;16/07/15;79;37.8;64.33962264;107;38.16;13.608;360;360
25549601975;16/07/15;76;22.1;0;107;0;7.956;360;360
25549601975;16/07/15;78;11.3;16.91176471;107;4.896;4.068;360;360
25549601975;16/07/15;80;62.51;41.02830189;107;38.16;22.5036;360;360
25549601975;23/09/15;71;24;89.95424107;107;21.504;2.16024;89.6;90.01
25549601975;23/09/15;75;16;96.07970383;107;36.736;1.44016;89.6;90.01
25549601975;23/09/15;74;103;83.57598143;107;56.448;9.27103;89.6;90.01
25549601975;23/09/15;79;14.8;83.29469302;107;7.9744;1.332148;89.6;90.01
25549601975;23/09/15;76;20;0;107;0;1.8002;89.6;90.01
25549601975;23/09/15;78;5.8;32.24953281;107;0.77056;0.522058;89.6;90.01
25549601975;23/09/15;80;35.99;59.37675687;107;7.9744;3.2394599;89.6;90.01
25552002429;23/09/15;71;11;80.35714286;105;2.4248;0.4763;43.3;43.3
25552002429;23/09/15;75;12;91.42857143;105;6.062;0.5196;43.3;43.3
25552002429;23/09/15;74;70;77.34627832;105;13.3797;3.031;43.3;43.3
25552002429;23/09/15;79;34.1;57.95314427;107;3.51163;1.47653;43.3;43.3
25552002429;23/09/15;76;19.5;0;107;0;0.84435;43.3;43.3
25552002429;23/09/15;78;6.2;23.45679012;107;0.35073;0.26846;43.3;43.3
25552002429;23/09/15;80;54.82;32.40443896;107;3.51163;2.373706;43.3;43.3
25552102262;30/06/14;71;64;77.20797721;107;3.51;0.8;9;12.5
25552102262;30/06/14;75;52;85.26077098;107;4.41;0.65;9;12.5
25552102262;30/06/14;74;211;74.29337232;107;10.26;2.6375;9;12.5
25552102262;30/06/14;76;37.2;0;107;0;0.465;9;12.5
25552102262;30/06/14;78;7;32.01243201;107;0.1287;0.0875;9;12.5
25555000109;24/04/13;71;63;34.375;106;2.0736;1.3608;21.6;21.6
25555000109;24/04/13;75;110;15.38461538;106;2.808;2.376;21.6;21.6
25555000109;24/04/13;74;305;14.08450704;106;7.668;6.588;21.6;21.6
25555000109;24/04/13;79;41;0;107;0.8856;0.8856;21.6;21.6
25555000109;24/04/13;76;0.01;0;107;0;0.000216;21.6;21.6
25555000109;24/04/13;78;5.3;-29.26829268;107;0.08856;0.11448;21.6;21.6
25555000109;24/04/13;80;41.51;-1.243902439;107;0.8856;0.896616;21.6;21.6
25555000109;07/07/15;71;35;90.27777778;105;3.384;0.329;9.4;9.4
25555000109;07/07/15;75;45;84.48275862;105;2.726;0.423;9.4;9.4
25555000109;07/07/15;74;236;67.44827586;105;6.815;2.2184;9.4;9.4
25555000109;07/07/15;79;45.8;24.54695222;107;0.57058;0.43052;9.4;9.4
25555000109;07/07/15;76;0.32;0;107;0;0.003008;9.4;9.4
25555000109;07/07/15;78;5.1;39.28571429;107;0.07896;0.04794;9.4;9.4
25555000109;07/07/15;80;46.14;23.98682043;107;0.57058;0.433716;9.4;9.4
25555101629;02/04/12;71;2;99.2;105;16.525;0.1322;66.1;66.1
25555101629;02/04/12;75;3;98.75;105;15.864;0.1983;66.1;66.1
25555101629;02/04/12;74;34;94.96296296;105;44.6175;2.2474;66.1;66.1
25555101629;02/04/12;79;3;96.15384615;107;5.1558;0.1983;66.1;66.1
25555101629;02/04/12;76;20;0;107;0;1.322;66.1;66.1
25555101629;02/04/12;78;6.4;8.571428571;107;0.4627;0.42304;66.1;66.1
25555101629;02/04/12;80;34;56.41025641;107;5.1558;2.2474;66.1;66.1
25555101629;17/04/13;71;4.4;96.9037037;105;24.03;0.74404;160.2;169.1
25555101629;17/04/13;75;3;97.56410256;105;20.826;0.5073;160.2;169.1
25555101629;17/04/13;74;37;88.16498316;105;52.866;6.2567;160.2;169.1
25555101629;17/04/13;79;1;97.54521964;107;6.8886;0.1691;160.2;169.1
25555101629;17/04/13;76;25;0;107;0;4.2275;160.2;169.1
25555101629;17/04/13;78;3.6;19.14893617;107;0.75294;0.60876;160.2;169.1
25555101629;17/04/13;80;26.06;36.02842377;107;6.8886;4.406746;160.2;169.1
25555101629;28/04/14;71;6;97.29801325;105;30.2;0.816;120.8;136
25555101629;28/04/14;75;4;97.49816041;105;21.744;0.544;120.8;136
25555101629;28/04/14;74;42;90.36970098;105;59.3128;5.712;120.8;136
25555101629;28/04/14;79;10.8;77.60784457;107;6.55944;1.4688;120.8;136
25555101629;28/04/14;76;19.1;0;107;0;2.5976;120.8;136
25555101629;28/04/14;78;5.5;4.73764646;107;0.7852;0.748;120.8;136
25555101629;28/04/14;80;30.28;37.21903089;107;6.55944;4.11808;120.8;136
25555101629;15/06/15;71;5;99.27480802;105;66.672;0.4835;92.6;96.7
25555101629;15/06/15;75;7;98.41088365;105;42.596;0.6769;92.6;96.7
25555101629;15/06/15;74;31;97.82734428;105;137.974;2.9977;92.6;96.7
25555101629;15/06/15;79;15.4;83.48885272;107;9.01924;1.48918;92.6;96.7
25555101629;15/06/15;76;1.07;0;107;0;0.103469;92.6;96.7
25555101629;15/06/15;78;6.6;54.65641696;107;1.40752;0.63822;92.6;96.7
25555101629;15/06/15;80;17.02;81.7519658;107;9.01924;1.645834;92.6;96.7
25555102443;22/10/15;71;4;99.24611539;105;40.802;0.3076;88.7;76.9
25555102443;22/10/15;75;3;99.40888593;105;39.028;0.2307;88.7;76.9
25555102443;22/10/15;74;15;98.10980965;105;61.0256;1.1535;88.7;76.9
25555102443;22/10/15;79;22.44;50.74747763;107;3.50365;1.725636;88.7;76.9
25555102443;22/10/15;76;21.1;0;107;0;1.62259;88.7;76.9
25555102443;22/10/15;78;1.6;86.53254671;107;0.91361;0.12304;88.7;76.9
