"CodeINSEE";"PopulationDGF2013";"PopulationDGF2014";"In‚ligibilit‚2015";"PopulationDGF2015";"CommunesUrbaines";PF2014;PF2015;"Eligibilit‚(PF<993?)";"In‚ligibilit‚2016";;;;;;;;;
55001;322;316;;317;;580;594;VRAI;;;;;;;;;;
55002;103;110;;115;;601;585;VRAI;;;;;;;;;;
55004;95;98;;98;;624;627;VRAI;;;;;;;;;;
55005;47;48;X;48;;2787;2835;FAUX;x;;;;;;;;;
55007;261;252;;252;;495;496;VRAI;;;;;;;;;;
55008;189;193;;194;;489;489;VRAI;;;;;;;;;;
55009;618;626;;621;;390;404;VRAI;;;;;;;;;;
55010;2858;2843;X;2819;OUI;797;787;VRAI;x;;;;;;;;;
55011;251;251;;252;;525;526;VRAI;;;;;;;;;;
55012;455;451;;446;;447;453;VRAI;;;;;;;;;;
55013;487;498;;493;;443;443;VRAI;;;;;;;;;;
55014;436;436;;426;;527;547;VRAI;;;;;;;;;;
55015;510;526;;533;;419;419;VRAI;;;;;;;;;;
55017;149;134;;127;;501;534;VRAI;;;;;;;;;;
55018;56;55;;52;;542;562;VRAI;;;;;;;;;;
55021;71;73;;73;;449;452;VRAI;;;;;;;;;;
55022;150;153;;153;;427;422;VRAI;;;;;;;;;;
55023;137;137;;137;;424;419;VRAI;;;;;;;;;;
55024;166;165;;169;;566;554;VRAI;;;;;;;;;;
55025;272;285;;299;;436;422;VRAI;;;;;;;;;;
55026;155;158;;156;;378;376;VRAI;;;;;;;;;;
55027;182;357;;174;;357;356;VRAI;;;;;;;;;;
55028;138;139;;141;;584;572;VRAI;;;;;;;;;;
55029;16980;16955;X;16769;OUI;821;816;VRAI;x;;;;;;;;;
55030;84;81;X;79;;2129;2273;FAUX;x;;;;;;;;;
55031;433;430;;422;;512;514;VRAI;;;;;;;;;;
55032;64;63;;57;;417;450;VRAI;;;;;;;;;;
55033;15;16;;16;;901;875;VRAI;;;;;;;;;;
55034;122;127;;133;;375;366;VRAI;;;;;;;;;;
55035;174;171;;166;;482;504;VRAI;;;;;;;;;;
55036;88;91;;93;;711;716;VRAI;;;;;;;;;;
55037;167;163;;163;;617;609;VRAI;;;;;;;;;;
55038;66;67;X;67;;1062;1040;FAUX;x;;;;;;;;;
55039;0;0;;0;;0;0;VRAI;;;;;;;;;;
55040;306;302;;290;;904;956;VRAI;;;;;;;;;;
55041;706;698;;685;;656;659;VRAI;;;;;;;;;;
55042;441;453;;468;;506;518;VRAI;;;;;;;;;;
55043;3287;3301;X;3288;OUI;653;650;VRAI;x;;;;;;;;;
55044;54;51;;49;;536;561;VRAI;;;;;;;;;;
55045;491;519;;549;;516;519;VRAI;;;;;;;;;;
55046;160;158;;158;;459;436;VRAI;;;;;;;;;;
55047;203;203;;195;;419;429;VRAI;;;;;;;;;;
55048;33;35;;36;;855;822;VRAI;;;;;;;;;;
55049;447;448;;447;;665;656;VRAI;;;;;;;;;;
55050;0;0;;0;;0;0;VRAI;;;;;;;;;;
55051;139;128;X;122;;1248;1506;FAUX;x;;;;;;;;;
55053;419;408;;403;;407;406;VRAI;;;;;;;;;;
55054;68;69;;70;;557;541;VRAI;;;;;;;;;;
55055;21;21;;20;;860;935;VRAI;;;;;;;;;;
55057;73;77;;78;;519;519;VRAI;;;;;;;;;;
55058;330;319;;328;;436;429;VRAI;;;;;;;;;;
55059;237;229;X;221;;1846;1884;FAUX;x;;;;;;;;;
55060;397;396;;393;;381;400;VRAI;;;;;;;;;;
55061;248;257;;260;;99;95;VRAI;;;;;;;;;;
55062;110;111;;115;;473;461;VRAI;;;;;;;;;;
55063;2776;2792;;2759;;578;610;VRAI;;;;;;;;;;
55064;125;133;;138;;446;429;VRAI;;;;;;;;;;
55065;138;142;;138;;620;641;VRAI;;;;;;;;;;
55066;151;149;;154;;789;779;VRAI;;;;;;;;;;
55067;116;119;;113;;386;393;VRAI;;;;;;;;;;
55068;110;109;;110;;484;468;VRAI;;;;;;;;;;
55069;248;243;;237;;584;601;VRAI;;;;;;;;;;
55070;141;138;;135;;339;354;VRAI;;;;;;;;;;
55071;213;218;;211;;372;395;VRAI;;;;;;;;;;
55072;96;98;;107;;719;646;VRAI;;;;;;;;;;
55073;740;744;;767;;698;682;VRAI;;;;;;;;;;
55075;181;178;;172;;165;163;VRAI;;;;;;;;;;
55076;195;202;;203;;492;492;VRAI;;;;;;;;;;
55077;290;286;;278;;345;362;VRAI;;;;;;;;;;
55078;360;359;;362;;603;592;VRAI;;;;;;;;;;
55079;622;619;;629;;474;467;VRAI;;;;;;;;;;
55080;110;108;;110;;527;502;VRAI;;;;;;;;;;
55081;63;64;;64;;616;649;VRAI;;;;;;;;;;
55082;53;54;;53;;560;573;VRAI;;;;;;;;;;
55083;172;175;;175;;502;506;VRAI;;;;;;;;;;
55084;69;63;X;60;;1284;1348;FAUX;x;;;;;;;;;
55085;270;277;;277;;406;408;VRAI;;;;;;;;;;
55087;97;94;X;92;;57756;62779;FAUX;x;;;;;;;;;
55088;154;155;;157;;467;447;VRAI;;;;;;;;;;
55089;103;103;;104;;389;403;VRAI;;;;;;;;;;
55093;327;330;;330;;562;551;VRAI;;;;;;;;;;
55094;581;581;;582;;559;553;VRAI;;;;;;;;;;
55095;141;137;;135;;485;485;VRAI;;;;;;;;;;
55096;115;116;;115;;584;601;VRAI;;;;;;;;;;
55097;344;344;;340;;434;454;VRAI;;;;;;;;;;
55099;129;129;;133;;596;572;VRAI;;;;;;;;;;
55100;113;116;;118;;458;437;VRAI;;;;;;;;;;
55101;307;312;;318;;699;680;VRAI;;;;;;;;;;
55102;580;582;;586;;746;734;VRAI;;;;;;;;;;
55103;31;29;;26;;750;844;VRAI;;;;;;;;;;
55104;124;119;;117;;541;555;VRAI;;;;;;;;;;
55105;184;186;;190;;457;457;VRAI;;;;;;;;;;
55106;177;176;;178;;521;511;VRAI;;;;;;;;;;
55107;53;56;;58;;473;468;VRAI;;;;;;;;;;
55108;174;170;;164;;470;487;VRAI;;;;;;;;;;
55109;287;287;;285;;368;373;VRAI;;;;;;;;;;
55110;274;271;;266;;561;573;VRAI;;;;;;;;;;
55111;507;500;X;490;;1036;958;VRAI;;;;;;;;;;
55113;140;140;;139;;526;518;VRAI;;;;;;;;;;
55114;190;191;;199;;433;429;VRAI;;;;;;;;;;
55115;66;67;;65;;517;525;VRAI;;;;;;;;;;
55116;65;64;;65;;487;502;VRAI;;;;;;;;;;
55117;1629;1626;;1609;;733;755;VRAI;;;;;;;;;;
55118;86;90;;94;;613;598;VRAI;;;;;;;;;;
55119;205;210;X;212;;1076;1104;FAUX;x;;;;;;;;;
55120;897;895;;891;;605;601;VRAI;;;;;;;;;;
55121;122;125;;125;;373;370;VRAI;;;;;;;;;;
55122;6656;6616;X;6554;OUI;722;713;VRAI;x;;;;;;;;;
55123;781;782;;789;;465;460;VRAI;;;;;;;;;;
55124;321;330;;334;;455;443;VRAI;;;;;;;;;;
55125;769;776;X;775;;1009;1016;FAUX;x;;;;;;;;;
55127;35;34;;37;;572;549;VRAI;;;;;;;;;;
55128;47;46;X;44;;5020;5205;FAUX;x;;;;;;;;;
55129;36;37;;36;;648;654;VRAI;;;;;;;;;;
55132;1766;1765;;1755;;475;474;VRAI;;;;;;;;;;
55133;94;94;;94;;185;177;VRAI;;;;;;;;;;
55134;157;161;;164;;547;536;VRAI;;;;;;;;;;
55137;50;52;;54;;570;550;VRAI;;;;;;;;;;
55138;;161;;164;;418;590;VRAI;;;;;;;;;;
55139;1;1;X;1;;7152;7063;FAUX;x;;;;;;;;;
55140;18;18;X;18;;1057;1023;FAUX;x;;;;;;;;;
55141;90;89;;89;;440;448;VRAI;;;;;;;;;;
55142;208;207;;209;;435;425;VRAI;;;;;;;;;;
55143;155;153;;149;;374;389;VRAI;;;;;;;;;;
55144;451;498;;491;;164;182;VRAI;;;;;;;;;;
55145;781;799;;806;;770;775;VRAI;;;;;;;;;;
55146;252;249;;250;;547;544;VRAI;;;;;;;;;;
55148;140;141;X;141;;1186;1289;FAUX;x;;;;;;;;;
55149;116;124;;130;;451;436;VRAI;;;;;;;;;;
55150;591;599;;583;;465;470;VRAI;;;;;;;;;;
55153;184;187;;187;;479;484;VRAI;;;;;;;;;;
55154;1446;1429;;1438;;954;951;VRAI;;;;;;;;;;
55155;437;440;;445;;485;472;VRAI;;;;;;;;;;
55156;154;148;;144;;447;446;VRAI;;;;;;;;;;
55157;71;71;;66;;335;364;VRAI;;;;;;;;;;
55158;845;833;;815;;473;479;VRAI;;;;;;;;;;
55159;349;342;;338;;512;515;VRAI;;;;;;;;;;
55160;52;51;;49;;561;610;VRAI;;;;;;;;;;
55162;34;35;X;34;;995;1160;FAUX;x;;;;;;;;;
55163;79;82;;85;;481;471;VRAI;;;;;;;;;;
55164;8;8;X;8;;2651;2640;FAUX;x;;;;;;;;;
55165;486;490;;483;;550;563;VRAI;;;;;;;;;;
55166;1372;1358;;1344;;776;789;VRAI;;;;;;;;;;
55167;801;785;;785;;624;622;VRAI;;;;;;;;;;
55168;49;48;;50;;522;504;VRAI;;;;;;;;;;
55169;534;520;;506;;385;394;VRAI;;;;;;;;;;
55170;169;169;;164;;390;393;VRAI;;;;;;;;;;
55171;261;265;;271;;434;423;VRAI;;;;;;;;;;
55172;78;74;;76;;323;290;VRAI;;;;;;;;;;
55173;39;40;;39;;590;597;VRAI;;;;;;;;;;
55174;91;82;;77;;674;712;VRAI;;;;;;;;;;
55175;183;179;X;173;;1058;1092;FAUX;x;;;;;;;;;
55177;69;72;X;70;;1470;1515;FAUX;x;;;;;;;;;
55178;205;204;X;205;;1130;1125;FAUX;x;;;;;;;;;
55179;187;179;;178;;505;490;VRAI;;;;;;;;;;
55180;139;141;;146;;397;378;VRAI;;;;;;;;;;
55181;3879;3925;;3857;;587;598;VRAI;;;;;;;;;;
55182;219;214;;212;;433;441;VRAI;;;;;;;;;;
55183;47;45;;45;;532;564;VRAI;;;;;;;;;;
55184;1761;1774;;1784;;421;413;VRAI;;;;;;;;;;
55185;89;91;;99;;626;589;VRAI;;;;;;;;;;
55186;2373;2356;X;2341;OUI;789;783;VRAI;x;;;;;;;;;
55188;53;51;;50;;526;538;VRAI;;;;;;;;;;
55189;0;0;;0;;0;0;VRAI;;;;;;;;;;
55191;207;207;;218;;572;529;VRAI;;;;;;;;;;
55192;71;68;;67;;541;563;VRAI;;;;;;;;;;
55193;125;130;;128;;439;480;VRAI;;;;;;;;;;
55194;60;61;;59;;636;648;VRAI;;;;;;;;;;
55195;151;156;;160;;143;128;VRAI;;;;;;;;;;
55196;119;130;;138;;417;396;VRAI;;;;;;;;;;
55197;165;169;;169;;444;438;VRAI;;;;;;;;;;
55198;757;745;;740;;507;515;VRAI;;;;;;;;;;
55199;110;113;;109;;483;495;VRAI;;;;;;;;;;
55200;245;240;;234;;661;666;VRAI;;;;;;;;;;
55201;54;54;;55;;599;588;VRAI;;;;;;;;;;
55202;208;211;;215;;380;373;VRAI;;;;;;;;;;
55204;289;285;;279;;546;571;VRAI;;;;;;;;;;
55206;157;158;;163;;413;397;VRAI;;;;;;;;;;
55207;62;66;X;66;;1595;2044;FAUX;x;;;;;;;;;
55208;52;53;;57;;669;622;VRAI;;;;;;;;;;
55210;38;38;;38;;714;710;VRAI;;;;;;;;;;
55211;64;64;;64;;586;612;VRAI;;;;;;;;;;
55212;83;77;;75;;403;447;VRAI;;;;;;;;;;
55214;343;354;;352;;562;560;VRAI;;;;;;;;;;
55215;1254;1234;;1229;;574;555;VRAI;;;;;;;;;;
55216;50;50;;52;;635;596;VRAI;;;;;;;;;;
55217;130;132;;130;;390;378;VRAI;;;;;;;;;;
55218;26;25;X;30;;1183;990;VRAI;;;;;;;;;;
55219;109;110;;107;;408;421;VRAI;;;;;;;;;;
55220;108;108;;108;;334;350;VRAI;;;;;;;;;;
55221;268;265;;267;;554;544;VRAI;;;;;;;;;;
55222;35;37;X;41;;1075;960;VRAI;;;;;;;;;;
55224;631;645;;648;;820;868;VRAI;;;;;;;;;;
55225;166;168;;171;;446;459;VRAI;;;;;;;;;;
55226;115;121;;128;;382;352;VRAI;;;;;;;;;;
55228;666;666;;665;;357;363;VRAI;;;;;;;;;;
55229;290;291;X;293;;1491;1476;FAUX;x;;;;;;;;;
55232;118;117;;115;;519;514;VRAI;;;;;;;;;;
55236;996;990;;974;;536;545;VRAI;;;;;;;;;;
55237;244;248;;246;;813;855;VRAI;;;;;;;;;;
55239;0;0;;0;;0;0;VRAI;;;;;;;;;;
55241;89;89;;90;;517;481;VRAI;;;;;;;;;;
55242;138;130;;126;;901;927;VRAI;;;;;;;;;;
55243;202;198;;199;;344;352;VRAI;;;;;;;;;;
55244;253;255;;250;;425;426;VRAI;;;;;;;;;;
55245;246;237;;234;;887;894;VRAI;;;;;;;;;;
55246;134;134;;135;;157;152;VRAI;;;;;;;;;;
55247;72;72;;77;;450;409;VRAI;;;;;;;;;;
55248;389;373;X;354;;1020;1082;FAUX;x;;;;;;;;;
55250;246;235;;229;;456;472;VRAI;;;;;;;;;;
55251;104;101;;103;;575;557;VRAI;;;;;;;;;;
55252;174;170;;161;;359;377;VRAI;;;;;;;;;;
55253;906;905;;875;;368;381;VRAI;;;;;;;;;;
55254;136;140;X;144;;1237;1174;FAUX;x;;;;;;;;;
55255;275;276;;265;;412;429;VRAI;;;;;;;;;;
55256;150;152;;153;;454;459;VRAI;;;;;;;;;;
55257;57;57;;58;;453;442;VRAI;;;;;;;;;;
55258;649;665;;672;;380;381;VRAI;;;;;;;;;;
55260;85;80;;78;;411;420;VRAI;;;;;;;;;;
55261;145;142;;140;;474;482;VRAI;;;;;;;;;;
55262;281;281;;284;;383;377;VRAI;;;;;;;;;;
55263;187;188;;194;;482;472;VRAI;;;;;;;;;;
55264;315;322;;324;;382;383;VRAI;;;;;;;;;;
55265;145;141;;137;;438;432;VRAI;;;;;;;;;;
55266;81;83;;87;;459;460;VRAI;;;;;;;;;;
55267;287;287;;286;;564;569;VRAI;;;;;;;;;;
55268;745;744;;739;;441;443;VRAI;;;;;;;;;;
55269;98;96;;99;;580;561;VRAI;;;;;;;;;;
55270;32;30;;28;;631;651;VRAI;;;;;;;;;;
55271;410;418;;417;;587;582;VRAI;;;;;;;;;;
55272;477;474;;473;;695;695;VRAI;;;;;;;;;;
55274;317;313;;315;;444;442;VRAI;;;;;;;;;;
55275;115;117;;119;;384;376;VRAI;;;;;;;;;;
55276;195;196;;190;;656;676;VRAI;;;;;;;;;;
55278;203;202;;207;;768;763;VRAI;;;;;;;;;;
55279;451;470;;456;;452;463;VRAI;;;;;;;;;;
55280;67;71;;73;;460;444;VRAI;;;;;;;;;;
55281;76;83;;88;;415;386;VRAI;;;;;;;;;;
55282;101;104;;104;;911;920;VRAI;;;;;;;;;;
55284;81;80;;81;;411;410;VRAI;;;;;;;;;;
55285;179;176;;169;;603;585;VRAI;;;;;;;;;;
55286;234;237;;234;;345;354;VRAI;;;;;;;;;;
55288;1540;1525;;1516;;456;466;VRAI;;;;;;;;;;
55289;53;58;;64;;884;820;VRAI;;;;;;;;;;
55290;51;52;;57;;758;711;VRAI;;;;;;;;;;
55291;4486;4382;;4349;;974;969;VRAI;;;;;;;;;;
55292;215;215;;216;;787;777;VRAI;;;;;;;;;;
55293;192;189;;189;;562;559;VRAI;;;;;;;;;;
55295;34;37;X;42;;1637;1445;FAUX;x;;;;;;;;;
55296;551;545;;542;;464;422;VRAI;;;;;;;;;;
55297;156;147;;140;;446;481;VRAI;;;;;;;;;;
55298;;317;;320;;409;585;VRAI;;;;;;;;;;
55299;111;114;;120;;432;423;VRAI;;;;;;;;;;
55300;245;243;;239;;522;524;VRAI;;;;;;;;;;
55301;154;149;;145;;544;557;VRAI;;;;;;;;;;
55302;1244;1226;;1211;;778;784;VRAI;;;;;;;;;;
55303;100;96;;93;;566;582;VRAI;;;;;;;;;;
55304;175;177;;172;;544;557;VRAI;;;;;;;;;;
55306;145;145;;150;;420;400;VRAI;;;;;;;;;;
55307;0;0;;0;;0;0;VRAI;;;;;;;;;;
55310;117;120;;125;;487;466;VRAI;;;;;;;;;;
55311;36;36;;35;;592;584;VRAI;;;;;;;;;;
55312;196;190;X;185;;1065;1235;FAUX;x;;;;;;;;;
55313;95;97;;92;;457;475;VRAI;;;;;;;;;;
55315;138;139;;142;;196;171;VRAI;;;;;;;;;;
55316;423;413;;414;;431;436;VRAI;;;;;;;;;;
55317;163;163;;158;;657;688;VRAI;;;;;;;;;;
55320;79;86;;85;;359;357;VRAI;;;;;;;;;;
55321;179;173;;172;;563;561;VRAI;;;;;;;;;;
55322;59;61;X;62;;1086;1067;FAUX;x;;;;;;;;;
55323;68;70;;69;;523;554;VRAI;;;;;;;;;;
55324;603;617;;601;;659;650;VRAI;;;;;;;;;;
55325;63;65;;64;;540;547;VRAI;;;;;;;;;;
55326;101;102;;101;;588;583;VRAI;;;;;;;;;;
55327;299;307;;314;;428;421;VRAI;;;;;;;;;;
55328;332;335;;339;;404;393;VRAI;;;;;;;;;;
55329;251;249;;247;;354;355;VRAI;;;;;;;;;;
55330;110;108;X;109;;1479;1466;FAUX;x;;;;;;;;;
55331;79;84;X;91;;1159;1089;FAUX;x;;;;;;;;;
55332;229;239;;243;;641;627;VRAI;;;;;;;;;;
55333;47;50;;51;;825;736;VRAI;;;;;;;;;;
55334;174;178;X;186;;1015;1070;FAUX;x;;;;;;;;;
55335;286;280;;278;;99;93;VRAI;;;;;;;;;;
55336;183;185;;186;;398;380;VRAI;;;;;;;;;;
55338;188;187;;185;;533;545;VRAI;;;;;;;;;;
55339;78;77;;79;;582;554;VRAI;;;;;;;;;;
55340;401;396;;392;;662;667;VRAI;;;;;;;;;;
55341;146;147;;147;;452;450;VRAI;;;;;;;;;;
55343;88;85;;84;;490;491;VRAI;;;;;;;;;;
55344;29;26;X;22;;1019;1197;FAUX;x;;;;;;;;;
55345;175;180;;173;;505;518;VRAI;;;;;;;;;;
55346;393;384;;371;;426;429;VRAI;;;;;;;;;;
55347;388;394;;396;;382;382;VRAI;;;;;;;;;;
55348;478;479;;482;;344;291;VRAI;;;;;;;;;;
55349;161;160;;162;;549;544;VRAI;;;;;;;;;;
55350;92;93;;92;;451;436;VRAI;;;;;;;;;;
55351;2470;2473;;2426;;472;480;VRAI;;;;;;;;;;
55352;195;186;;176;;457;483;VRAI;;;;;;;;;;
55353;99;99;;98;;449;450;VRAI;;;;;;;;;;
55355;186;180;;176;;530;525;VRAI;;;;;;;;;;
55356;136;136;;128;;357;378;VRAI;;;;;;;;;;
55357;107;108;;112;;389;386;VRAI;;;;;;;;;;
55358;223;222;;211;;592;609;VRAI;;;;;;;;;;
55359;220;219;;219;;213;182;VRAI;;;;;;;;;;
55360;133;125;;125;;371;352;VRAI;;;;;;;;;;
55361;158;157;;136;;534;561;VRAI;;;;;;;;;;
55362;186;186;;183;;482;489;VRAI;;;;;;;;;;
55363;125;136;;126;;281;307;VRAI;;;;;;;;;;
55364;776;774;;769;;526;532;VRAI;;;;;;;;;;
55365;161;160;;160;;513;508;VRAI;;;;;;;;;;
55366;1038;1027;;1015;;675;678;VRAI;;;;;;;;;;
55367;134;139;;141;;456;452;VRAI;;;;;;;;;;
55368;172;174;;172;;422;439;VRAI;;;;;;;;;;
55369;851;843;;835;;647;638;VRAI;;;;;;;;;;
55370;220;216;;212;;534;532;VRAI;;;;;;;;;;
55371;62;67;X;74;;1048;956;VRAI;;;;;;;;;;
55372;397;396;;396;;462;627;VRAI;;;;;;;;;;
55373;79;79;;81;;428;628;VRAI;;;;;;;;;;
55374;87;86;;86;;513;526;VRAI;;;;;;;;;;
55375;72;72;;72;;628;623;VRAI;;;;;;;;;;
55376;97;91;;88;;520;723;VRAI;;;;;;;;;;
55377;70;78;;86;;600;541;VRAI;;;;;;;;;;
55378;296;288;;282;;578;585;VRAI;;;;;;;;;;
55379;94;93;;93;;363;355;VRAI;;;;;;;;;;
55380;82;83;;82;;659;664;VRAI;;;;;;;;;;
55381;200;204;;208;;343;340;VRAI;;;;;;;;;;
55382;363;369;;371;;609;615;VRAI;;;;;;;;;;
55383;221;223;;225;;527;521;VRAI;;;;;;;;;;
55384;119;117;;118;;532;532;VRAI;;;;;;;;;;
55385;465;475;;486;;656;657;VRAI;;;;;;;;;;
55386;178;199;;204;;881;867;VRAI;;;;;;;;;;
55387;248;251;;244;;425;435;VRAI;;;;;;;;;;
55388;251;261;;280;;596;573;VRAI;;;;;;;;;;
55389;309;298;;294;;552;555;VRAI;;;;;;;;;;
55391;208;213;;211;;464;465;VRAI;;;;;;;;;;
55394;8;7;X;7;;2605;2601;FAUX;x;;;;;;;;;
55395;53;51;X;53;;2558;2517;FAUX;x;;;;;;;;;
55396;214;217;;219;;392;383;VRAI;;;;;;;;;;
55397;281;277;;272;;374;373;VRAI;;;;;;;;;;
55398;1027;1031;X;1039;;1677;1856;FAUX;x;;;;;;;;;
55399;128;128;;129;;362;359;VRAI;;;;;;;;;;
55400;54;53;X;51;;1191;1254;FAUX;x;;;;;;;;;
55401;413;412;;414;;497;500;VRAI;;;;;;;;;;
55403;77;74;;72;;501;460;VRAI;;;;;;;;;;
55404;292;304;;327;;501;466;VRAI;;;;;;;;;;
55405;238;249;;262;;426;413;VRAI;;;;;;;;;;
55406;96;100;;106;;500;478;VRAI;;;;;;;;;;
55407;151;150;;146;;492;497;VRAI;;;;;;;;;;
55408;248;242;;242;;458;457;VRAI;;;;;;;;;;
55409;70;66;;67;;633;632;VRAI;;;;;;;;;;
55410;179;176;;171;;457;456;VRAI;;;;;;;;;;
55411;99;102;;101;;543;548;VRAI;;;;;;;;;;
55412;198;201;;204;;433;429;VRAI;;;;;;;;;;
55414;215;213;;215;;561;576;VRAI;;;;;;;;;;
55415;86;87;;89;;418;438;VRAI;;;;;;;;;;
55416;246;242;;238;;503;511;VRAI;;;;;;;;;;
55419;181;185;;183;;412;418;VRAI;;;;;;;;;;
55420;79;79;;79;;530;519;VRAI;;;;;;;;;;
55421;77;76;X;76;;2368;2381;FAUX;x;;;;;;;;;
55422;48;49;;50;;455;416;VRAI;;;;;;;;;;
55423;345;348;;353;;514;520;VRAI;;;;;;;;;;
55424;69;70;;72;;602;590;VRAI;;;;;;;;;;
55425;168;158;;153;;422;440;VRAI;;;;;;;;;;
55426;430;437;;432;;604;607;VRAI;;;;;;;;;;
55427;3180;3134;;3091;;889;876;VRAI;;;;;;;;;;
55428;134;133;;135;;465;454;VRAI;;;;;;;;;;
55429;49;50;;48;;566;610;VRAI;;;;;;;;;;
55430;112;116;;117;;185;174;VRAI;;;;;;;;;;
55431;68;67;;66;;459;476;VRAI;;;;;;;;;;
55433;408;418;;423;;480;469;VRAI;;;;;;;;;;
55434;61;61;;63;;615;624;VRAI;;;;;;;;;;
55435;851;852;;859;;595;585;VRAI;;;;;;;;;;
55436;39;40;;39;;482;485;VRAI;;;;;;;;;;
55437;120;120;;118;;603;606;VRAI;;;;;;;;;;
55438;220;217;;217;;430;434;VRAI;;;;;;;;;;
55439;99;102;;103;;343;336;VRAI;;;;;;;;;;
55442;271;279;X;280;;1141;1177;FAUX;x;;;;;;;;;
55443;786;785;;732;;260;283;VRAI;;;;;;;;;;
55444;197;193;;192;;444;461;VRAI;;;;;;;;;;
55445;210;210;;208;;500;494;VRAI;;;;;;;;;;
55446;100;102;;102;;913;931;VRAI;;;;;;;;;;
55447;386;384;;383;;562;563;VRAI;;;;;;;;;;
55448;58;58;;61;;641;544;VRAI;;;;;;;;;;
55449;318;307;;301;;546;555;VRAI;;;;;;;;;;
55450;61;59;;57;;417;429;VRAI;;;;;;;;;;
55452;79;83;;84;;587;578;VRAI;;;;;;;;;;
55453;64;63;;65;;466;446;VRAI;;;;;;;;;;
55454;179;178;X;179;;1206;1189;FAUX;x;;;;;;;;;
55456;280;283;;285;;776;796;VRAI;;;;;;;;;;
55457;208;213;;213;;432;412;VRAI;;;;;;;;;;
55458;334;346;;357;;420;413;VRAI;;;;;;;;;;
55459;263;253;;247;;446;466;VRAI;;;;;;;;;;
55460;136;145;;155;;476;450;VRAI;;;;;;;;;;
55461;519;517;;513;;363;364;VRAI;;;;;;;;;;
55462;444;439;;436;;507;523;VRAI;;;;;;;;;;
55463;4795;4637;;4493;;708;727;VRAI;;;;;;;;;;
55464;165;167;;170;;467;448;VRAI;;;;;;;;;;
55465;89;104;;112;;315;309;VRAI;;;;;;;;;;
55466;324;322;;319;;559;554;VRAI;;;;;;;;;;
55467;771;768;;769;;497;490;VRAI;;;;;;;;;;
55468;79;85;;89;;535;527;VRAI;;;;;;;;;;
55469;139;140;;141;;498;497;VRAI;;;;;;;;;;
55470;210;206;;205;;578;569;VRAI;;;;;;;;;;
55471;134;130;;129;;542;535;VRAI;;;;;;;;;;
55472;136;136;;135;;868;898;VRAI;;;;;;;;;;
55473;148;145;;136;;451;479;VRAI;;;;;;;;;;
55474;308;310;;301;;372;384;VRAI;;;;;;;;;;
55475;66;67;;69;;439;435;VRAI;;;;;;;;;;
55476;495;503;X;503;;1580;1596;FAUX;x;;;;;;;;;
55477;480;478;;469;;432;431;VRAI;;;;;;;;;;
55479;204;205;;201;;436;441;VRAI;;;;;;;;;;
55481;321;318;;318;;491;483;VRAI;;;;;;;;;;
55482;103;100;;95;;446;469;VRAI;;;;;;;;;;
55484;57;54;X;55;;1921;1893;FAUX;x;;;;;;;;;
55485;93;94;;91;;411;420;VRAI;;;;;;;;;;
55487;103;101;;100;;479;505;VRAI;;;;;;;;;;
55488;188;187;;186;;576;571;VRAI;;;;;;;;;;
55489;275;274;;277;;417;427;VRAI;;;;;;;;;;
55490;421;426;;431;;545;543;VRAI;;;;;;;;;;
55492;962;969;;975;;553;548;VRAI;;;;;;;;;;
55493;206;207;;208;;578;576;VRAI;;;;;;;;;;
55494;513;505;;501;;570;577;VRAI;;;;;;;;;;
55495;254;267;;280;;365;342;VRAI;;;;;;;;;;
55496;1031;1049;;1083;;980;990;VRAI;;;;;;;;;;
55497;336;340;X;349;;1120;995;FAUX;x;;;;;;;;;
55498;371;379;;377;;765;783;VRAI;;;;;;;;;;
55500;873;876;;869;;482;492;VRAI;;;;;;;;;;
55501;420;423;;444;;477;446;VRAI;;;;;;;;;;
55502;2951;2927;;2902;;955;955;VRAI;;;;;;;;;;
55503;172;174;;171;;353;361;VRAI;;;;;;;;;;
55504;415;411;;404;;437;633;VRAI;;;;;;;;;;
55505;3162;3133;X;3129;OUI;731;787;VRAI;x;;;;;;;;;
55506;40;41;;40;;652;660;VRAI;;;;;;;;;;
55507;277;268;;263;;292;299;VRAI;;;;;;;;;;
55508;277;281;;289;;391;390;VRAI;;;;;;;;;;
55509;297;298;;304;;357;348;VRAI;;;;;;;;;;
55510;148;155;;158;;415;407;VRAI;;;;;;;;;;
55511;162;163;;163;;426;409;VRAI;;;;;;;;;;
55512;291;295;;298;;300;293;VRAI;;;;;;;;;;
55514;667;653;;644;;607;603;VRAI;;;;;;;;;;
55515;88;81;;75;;374;407;VRAI;;;;;;;;;;
55516;670;645;;639;;582;588;VRAI;;;;;;;;;;
55517;540;540;;540;;544;532;VRAI;;;;;;;;;;
55518;154;152;;151;;688;726;VRAI;;;;;;;;;;
55519;1613;1601;X;1586;;1019;1019;FAUX;x;;;;;;;;;
55520;435;437;;438;;370;378;VRAI;;;;;;;;;;
55521;264;268;;272;;420;424;VRAI;;;;;;;;;;
55522;107;109;;109;;422;428;VRAI;;;;;;;;;;
55523;132;148;;163;;611;579;VRAI;;;;;;;;;;
55525;73;73;X;75;;1039;1016;FAUX;x;;;;;;;;;
55526;268;273;;277;;421;394;VRAI;;;;;;;;;;
55527;709;699;;697;;544;576;VRAI;;;;;;;;;;
55528;62;60;;63;;626;573;VRAI;;;;;;;;;;
55530;124;117;;111;;753;826;VRAI;;;;;;;;;;
55531;309;297;;308;;637;614;VRAI;;;;;;;;;;
55532;339;339;;339;;455;456;VRAI;;;;;;;;;;
55533;2110;2100;;2088;;629;627;VRAI;;;;;;;;;;
55534;76;73;X;72;;1865;1917;FAUX;x;;;;;;;;;
55535;77;80;;79;;482;467;VRAI;;;;;;;;;;
55536;30;30;;29;;852;894;VRAI;;;;;;;;;;
55537;76;75;;72;;579;598;VRAI;;;;;;;;;;
55540;64;63;;61;;480;521;VRAI;;;;;;;;;;
55541;498;503;;504;;614;611;VRAI;;;;;;;;;;
55543;956;944;X;932;;1123;1136;FAUX;x;;;;;;;;;
55544;169;170;;177;;380;354;VRAI;;;;;;;;;;
55545;19812;19586;X;19624;OUI;931;935;VRAI;x;;;;;;;;;
55546;229;223;;221;;338;345;VRAI;;;;;;;;;;
55547;142;141;;140;;331;335;VRAI;;;;;;;;;;
55549;111;115;;118;;485;478;VRAI;;;;;;;;;;
55551;1744;1747;;1735;;673;690;VRAI;;;;;;;;;;
55552;102;100;;96;;373;384;VRAI;;;;;;;;;;
55553;1368;1363;;1351;;477;492;VRAI;;;;;;;;;;
55554;256;267;;273;;333;311;VRAI;;;;;;;;;;
55555;28;27;;26;;809;833;VRAI;;;;;;;;;;
55556;56;54;;54;;514;505;VRAI;;;;;;;;;;
55557;138;138;;140;;746;741;VRAI;;;;;;;;;;
55559;39;39;X;38;;1539;1607;FAUX;x;;;;;;;;;
55560;142;140;;137;;596;610;VRAI;;;;;;;;;;
55561;75;68;;66;;651;665;VRAI;;;;;;;;;;
55562;142;145;;145;;135;129;VRAI;;;;;;;;;;
55563;82;82;;80;;451;459;VRAI;;;;;;;;;;
55565;67;67;;73;;473;419;VRAI;;;;;;;;;;
55566;269;287;;291;;361;347;VRAI;;;;;;;;;;
55567;120;121;;127;;651;636;VRAI;;;;;;;;;;
55568;321;316;;309;;415;427;VRAI;;;;;;;;;;
55569;165;170;;170;;446;445;VRAI;;;;;;;;;;
55570;197;197;;203;;589;560;VRAI;;;;;;;;;;
55571;237;240;;241;;559;558;VRAI;;;;;;;;;;
55572;93;90;;88;;484;461;VRAI;;;;;;;;;;
55573;1719;1719;;1717;;629;625;VRAI;;;;;;;;;;
55574;70;71;;68;;411;421;VRAI;;;;;;;;;;
55575;80;80;X;81;;1560;1544;FAUX;x;;;;;;;;;
55577;67;67;;65;;589;643;VRAI;;;;;;;;;;
55578;217;217;;214;;443;449;VRAI;;;;;;;;;;
55579;114;113;;116;;437;405;VRAI;;;;;;;;;;
55580;47;47;;49;;538;524;VRAI;;;;;;;;;;
55581;139;134;;127;;770;786;VRAI;;;;;;;;;;
55582;124;125;;122;;478;494;VRAI;;;;;;;;;;
55583;192;195;;196;;506;496;VRAI;;;;;;;;;;
55584;123;127;;126;;516;514;VRAI;;;;;;;;;;
55586;96;96;;96;;617;638;VRAI;;;;;;;;;;
